condition,seed,quantization,subset,field_order,role,eyes,patients,QWK,Accuracy,BalancedAccuracy,MacroPrecision,MacroRecall,MacroF1,WeightedPrecision,WeightedRecall,WeightedF1,MAE,SevereErrorRate,ExactAccuracy,AdjacentErrorRate,AdjacentAccuracy,Precision_Grade0,Recall_Grade0,F1_Grade0,Support_Grade0,Specificity_Grade0,Precision_Grade1,Recall_Grade1,F1_Grade1,Support_Grade1,Specificity_Grade1,Precision_Grade2,Recall_Grade2,F1_Grade2,Support_Grade2,Specificity_Grade2,Precision_Grade3,Recall_Grade3,F1_Grade3,Support_Grade3,Specificity_Grade3,Precision_Grade4,Recall_Grade4,F1_Grade4,Support_Grade4,Specificity_Grade4,OrdinalViolationRate,OrdinalThreshold_Brier,OrdinalThreshold_ECE,Threshold0_MAEProb,Threshold1_MAEProb,Threshold2_MAEProb,Threshold3_MAEProb
teacher,-,FP32,setC,_1=macula,PRIMARY_CONFIRMATORY,200,100,0.7922540436266509,0.61,0.43022222222222223,0.3842787878787879,0.43022222222222223,0.3874663023679417,0.5510363636363637,0.61,0.5673474499089253,0.52,0.105,0.61,0.285,0.895,0.752,0.94,0.8355555555555556,100,0.69,0.0,0.0,0.0,18,0.978021978021978,0.48,0.3333333333333333,0.39344262295081966,36,0.9207317073170732,0.4166666666666667,0.2777777777777778,0.3333333333333333,36,0.9146341463414634,0.2727272727272727,0.6,0.375,10,0.9157894736842105,0.0,0.08812566101551056,0.03279989063041285,0.22682243585586548,0.17760877311229706,0.15338239073753357,0.12878748774528503
best_fp32,42,FP32,setC,_1=macula,PRIMARY_CONFIRMATORY,200,100,0.6281800391389433,0.51,0.37622222222222224,0.3397772154063846,0.37622222222222224,0.3366257825755606,0.5268563115174698,0.51,0.5119571308107029,0.775,0.175,0.51,0.315,0.825,0.7938144329896907,0.77,0.7817258883248731,100,0.8,0.15384615384615385,0.1111111111111111,0.12903225806451613,18,0.9395604395604396,0.4375,0.3888888888888889,0.4117647058823529,36,0.8902439024390244,0.16666666666666666,0.1111111111111111,0.13333333333333333,36,0.8780487804878049,0.14705882352941177,0.5,0.22727272727272727,10,0.8473684210526315,0.0,0.13336384296417236,0.08728355368599294,0.2967289686203003,0.28302353620529175,0.23611150681972504,0.18687395751476288
best_fp32,123,FP32,setC,_1=macula,PRIMARY_CONFIRMATORY,200,100,0.6504701422734209,0.535,0.38933333333333336,0.35524202820338346,0.38933333333333336,0.35528713926572975,0.5227086510711185,0.535,0.521467242837448,0.73,0.2,0.535,0.265,0.8,0.7155963302752294,0.78,0.7464114832535885,100,0.69,0.0,0.0,0.0,18,0.9505494505494505,0.38235294117647056,0.3611111111111111,0.37142857142857144,36,0.8719512195121951,0.4782608695652174,0.3055555555555556,0.3728813559322034,36,0.926829268292683,0.2,0.5,0.2857142857142857,10,0.8947368421052632,0.0,0.12683694064617157,0.05901004954241216,0.3308566212654114,0.3040529489517212,0.20265857875347137,0.1580181121826172
best_fp32,2026,FP32,setC,_1=macula,PRIMARY_CONFIRMATORY,200,100,0.6435316336166194,0.495,0.37044444444444447,0.31650188521156264,0.37044444444444447,0.3195679142136249,0.4845475492249686,0.495,0.48182453742640874,0.77,0.175,0.495,0.33,0.825,0.7428571428571429,0.78,0.7609756097560976,100,0.73,0.14285714285714285,0.1111111111111111,0.125,18,0.9340659340659341,0.32142857142857145,0.25,0.28125,36,0.8841463414634146,0.18181818181818182,0.1111111111111111,0.13793103448275862,36,0.8902439024390244,0.1935483870967742,0.6,0.2926829268292683,10,0.868421052631579,0.0,0.13131392002105713,0.07957094751298427,0.32601845264434814,0.2996053695678711,0.22195248305797577,0.17410700023174286
best_fp32,3407,FP32,setC,_1=macula,PRIMARY_CONFIRMATORY,200,100,0.7298198005189365,0.57,0.39266666666666666,0.36924052259584494,0.39266666666666666,0.3568494008416154,0.5547722424502034,0.57,0.5497846157962136,0.625,0.15,0.57,0.28,0.85,0.7652173913043478,0.88,0.8186046511627907,100,0.73,0.0,0.0,0.0,18,0.945054945054945,0.48,0.3333333333333333,0.39344262295081966,36,0.9207317073170732,0.42857142857142855,0.25,0.3157894736842105,36,0.926829268292683,0.1724137931034483,0.5,0.2564102564102564,10,0.8736842105263158,0.0,0.11007247865200043,0.0425897747091949,0.26347559690475464,0.24296759068965912,0.17671051621437073,0.16967418789863586
best_fp32,8888,FP32,setC,_1=macula,PRIMARY_CONFIRMATORY,200,100,0.6921431118507072,0.58,0.3931111111111111,0.3991341746993258,0.3931111111111111,0.35124706133715594,0.5675443538765864,0.58,0.5409789147822521,0.655,0.17,0.58,0.25,0.83,0.7165354330708661,0.91,0.801762114537445,100,0.64,0.0,0.0,0.0,18,0.978021978021978,0.48148148148148145,0.3611111111111111,0.4126984126984127,36,0.9146341463414634,0.6363636363636364,0.19444444444444445,0.2978723404255319,36,0.975609756097561,0.16129032258064516,0.5,0.24390243902439024,10,0.8631578947368421,0.0,0.11500924825668335,0.03492196699604393,0.29208508133888245,0.24757948517799377,0.16582511365413666,0.15402916073799133
csd_fp32,42,FP32,setC,_1=macula,PRIMARY_CONFIRMATORY,200,100,0.6281800391389433,0.51,0.37622222222222224,0.3397772154063846,0.37622222222222224,0.3366257825755606,0.5268563115174698,0.51,0.5119571308107029,0.775,0.175,0.51,0.315,0.825,0.7938144329896907,0.77,0.7817258883248731,100,0.8,0.15384615384615385,0.1111111111111111,0.12903225806451613,18,0.9395604395604396,0.4375,0.3888888888888889,0.4117647058823529,36,0.8902439024390244,0.16666666666666666,0.1111111111111111,0.13333333333333333,36,0.8780487804878049,0.14705882352941177,0.5,0.22727272727272727,10,0.8473684210526315,0.0,0.13336384296417236,0.08728355368599294,0.2967289686203003,0.28302353620529175,0.23611150681972504,0.18687395751476288
csd_fp32,123,FP32,setC,_1=macula,PRIMARY_CONFIRMATORY,200,100,0.6504701422734209,0.535,0.38933333333333336,0.35524202820338346,0.38933333333333336,0.35528713926572975,0.5227086510711185,0.535,0.521467242837448,0.73,0.2,0.535,0.265,0.8,0.7155963302752294,0.78,0.7464114832535885,100,0.69,0.0,0.0,0.0,18,0.9505494505494505,0.38235294117647056,0.3611111111111111,0.37142857142857144,36,0.8719512195121951,0.4782608695652174,0.3055555555555556,0.3728813559322034,36,0.926829268292683,0.2,0.5,0.2857142857142857,10,0.8947368421052632,0.0,0.12683694064617157,0.05901004954241216,0.3308566212654114,0.3040529489517212,0.20265857875347137,0.1580181121826172
csd_fp32,2026,FP32,setC,_1=macula,PRIMARY_CONFIRMATORY,200,100,0.6435316336166194,0.495,0.37044444444444447,0.31650188521156264,0.37044444444444447,0.3195679142136249,0.4845475492249686,0.495,0.48182453742640874,0.77,0.175,0.495,0.33,0.825,0.7428571428571429,0.78,0.7609756097560976,100,0.73,0.14285714285714285,0.1111111111111111,0.125,18,0.9340659340659341,0.32142857142857145,0.25,0.28125,36,0.8841463414634146,0.18181818181818182,0.1111111111111111,0.13793103448275862,36,0.8902439024390244,0.1935483870967742,0.6,0.2926829268292683,10,0.868421052631579,0.0,0.13131392002105713,0.07957094751298427,0.32601845264434814,0.2996053695678711,0.22195248305797577,0.17410700023174286
csd_fp32,3407,FP32,setC,_1=macula,PRIMARY_CONFIRMATORY,200,100,0.7298198005189365,0.57,0.39266666666666666,0.36924052259584494,0.39266666666666666,0.3568494008416154,0.5547722424502034,0.57,0.5497846157962136,0.625,0.15,0.57,0.28,0.85,0.7652173913043478,0.88,0.8186046511627907,100,0.73,0.0,0.0,0.0,18,0.945054945054945,0.48,0.3333333333333333,0.39344262295081966,36,0.9207317073170732,0.42857142857142855,0.25,0.3157894736842105,36,0.926829268292683,0.1724137931034483,0.5,0.2564102564102564,10,0.8736842105263158,0.0,0.11007247865200043,0.0425897747091949,0.26347559690475464,0.24296759068965912,0.17671051621437073,0.16967418789863586
csd_fp32,8888,FP32,setC,_1=macula,PRIMARY_CONFIRMATORY,200,100,0.6921431118507072,0.58,0.3931111111111111,0.3991341746993258,0.3931111111111111,0.35124706133715594,0.5675443538765864,0.58,0.5409789147822521,0.655,0.17,0.58,0.25,0.83,0.7165354330708661,0.91,0.801762114537445,100,0.64,0.0,0.0,0.0,18,0.978021978021978,0.48148148148148145,0.3611111111111111,0.4126984126984127,36,0.9146341463414634,0.6363636363636364,0.19444444444444445,0.2978723404255319,36,0.975609756097561,0.16129032258064516,0.5,0.24390243902439024,10,0.8631578947368421,0.0,0.11500924825668335,0.03492196699604393,0.29208508133888245,0.24757948517799377,0.16582511365413666,0.15402916073799133
fp32_ft_control,42,FP32,setC,_1=macula,PRIMARY_CONFIRMATORY,200,100,0.6297192642787997,0.56,0.4017777777777777,0.40083868992959903,0.4017777777777777,0.37294868883104176,0.5442633914906643,0.56,0.5344643861702686,0.72,0.18,0.56,0.26,0.82,0.71900826446281,0.87,0.7873303167420814,100,0.66,0.25,0.16666666666666666,0.2,18,0.9505494505494505,0.5,0.2777777777777778,0.35714285714285715,36,0.9390243902439024,0.35,0.19444444444444445,0.25,36,0.9207317073170732,0.18518518518518517,0.5,0.2702702702702703,10,0.8842105263157894,0.0,0.1257280558347702,0.04166571930982173,0.3021129369735718,0.2731053829193115,0.20152895152568817,0.15911982953548431
fp32_ft_control,123,FP32,setC,_1=macula,PRIMARY_CONFIRMATORY,200,100,0.6334241940031957,0.5,0.3791111111111111,0.31937948105155345,0.3791111111111111,0.3291641340807276,0.49500042676681466,0.5,0.49186961121991857,0.79,0.21,0.5,0.29,0.79,0.7326732673267327,0.74,0.736318407960199,100,0.73,0.0,0.0,0.0,18,0.9505494505494505,0.3125,0.2777777777777778,0.29411764705882354,36,0.8658536585365854,0.3448275862068966,0.2777777777777778,0.3076923076923077,36,0.8841463414634146,0.20689655172413793,0.6,0.3076923076923077,10,0.8789473684210526,0.0,0.13904447853565216,0.08977480286732316,0.33074820041656494,0.30948951840400696,0.21975980699062347,0.18112720549106598
fp32_ft_control,2026,FP32,setC,_1=macula,PRIMARY_CONFIRMATORY,200,100,0.6279376442330336,0.485,0.37333333333333335,0.3459978668674321,0.37333333333333335,0.33734523105845265,0.5251793713532844,0.485,0.49671148314640573,0.8,0.2,0.485,0.315,0.8,0.7608695652173914,0.7,0.7291666666666666,100,0.78,0.1111111111111111,0.1111111111111111,0.1111111111111111,18,0.9120879120879121,0.34285714285714286,0.3333333333333333,0.3380281690140845,36,0.8597560975609756,0.36363636363636365,0.2222222222222222,0.27586206896551724,36,0.9146341463414634,0.15151515151515152,0.5,0.23255813953488372,10,0.8526315789473684,0.0,0.13485084474086761,0.10652554997242988,0.3325721323490143,0.3079514801502228,0.2348698079586029,0.1876886785030365
fp32_ft_control,3407,FP32,setC,_1=macula,PRIMARY_CONFIRMATORY,200,100,0.7019592514779889,0.57,0.3891111111111111,0.3764543700027571,0.3891111111111111,0.3552248677248677,0.5434863523573201,0.57,0.537876984126984,0.65,0.17,0.57,0.26,0.83,0.717741935483871,0.89,0.7946428571428571,100,0.65,0.0,0.0,0.0,18,0.9560439560439561,0.4166666666666667,0.2777777777777778,0.3333333333333333,36,0.9146341463414634,0.5555555555555556,0.2777777777777778,0.37037037037037035,36,0.9512195121951219,0.19230769230769232,0.5,0.2777777777777778,10,0.8894736842105263,0.0,0.11231826990842819,0.034107545129954814,0.2791879177093506,0.24897004663944244,0.1624564677476883,0.15527312457561493
fp32_ft_control,8888,FP32,setC,_1=macula,PRIMARY_CONFIRMATORY,200,100,0.6906515580736544,0.54,0.4257777777777777,0.38400030282383224,0.4257777777777777,0.3620909043310527,0.5467675827087592,0.54,0.5262925559840917,0.715,0.195,0.54,0.265,0.805,0.7523809523809524,0.79,0.7707317073170732,100,0.74,0.16666666666666666,0.05555555555555555,0.08333333333333333,18,0.9725274725274725,0.4,0.3888888888888889,0.39436619718309857,36,0.8719512195121951,0.4117647058823529,0.19444444444444445,0.2641509433962264,36,0.9390243902439024,0.1891891891891892,0.7,0.2978723404255319,10,0.8421052631578947,0.0,0.12628920376300812,0.08677610537968576,0.30925101041793823,0.27405041456222534,0.19900602102279663,0.18810366094112396
ptq_int8,42,PTQ_INT8,setC,_1=macula,PRIMARY_CONFIRMATORY,200,100,0.6325169652710921,0.495,0.37422222222222223,0.33812933610168633,0.37422222222222223,0.33721320204404387,0.5075119258621562,0.495,0.4956229486048525,0.785,0.19,0.495,0.315,0.81,0.7755102040816326,0.76,0.7676767676767676,100,0.78,0.26666666666666666,0.2222222222222222,0.24242424242424243,18,0.9395604395604396,0.3333333333333333,0.2777777777777778,0.30303030303030304,36,0.8780487804878049,0.15384615384615385,0.1111111111111111,0.12903225806451613,36,0.8658536585365854,0.16129032258064516,0.5,0.24390243902439024,10,0.8631578947368421,0.0,0.13322623074054718,0.08965887477621436,0.3006393611431122,0.28129658102989197,0.23734088242053986,0.1865198016166687
ptq_int8,123,PTQ_INT8,setC,_1=macula,PRIMARY_CONFIRMATORY,200,100,0.6419806188801458,0.525,0.35666666666666663,0.3374981814112249,0.35666666666666663,0.33203496434589147,0.5117702982485591,0.525,0.5099703448321697,0.735,0.195,0.525,0.28,0.805,0.7207207207207207,0.8,0.7582938388625592,100,0.69,0.0,0.0,0.0,18,0.9395604395604396,0.34285714285714286,0.3333333333333333,0.3380281690140845,36,0.8597560975609756,0.45,0.25,0.32142857142857145,36,0.9329268292682927,0.17391304347826086,0.4,0.24242424242424243,10,0.9,0.0,0.12697967886924744,0.056074942578561604,0.3366905450820923,0.31089654564857483,0.20867492258548737,0.15223035216331482
ptq_int8,2026,PTQ_INT8,setC,_1=macula,PRIMARY_CONFIRMATORY,200,100,0.6738094043257892,0.57,0.3984444444444445,0.38921957671957674,0.3984444444444445,0.3818551164633027,0.5516071428571429,0.57,0.5547627271541604,0.66,0.155,0.57,0.275,0.845,0.7767857142857143,0.87,0.8207547169811321,100,0.75,0.25,0.16666666666666666,0.2,18,0.9505494505494505,0.4074074074074074,0.3055555555555556,0.3492063492063492,36,0.9024390243902439,0.32142857142857145,0.25,0.28125,36,0.8841463414634146,0.19047619047619047,0.4,0.25806451612903225,10,0.9105263157894737,0.0,0.12132613360881805,0.05150718368589877,0.3157133162021637,0.2911251187324524,0.21334882080554962,0.15399259328842163
ptq_int8,3407,PTQ_INT8,setC,_1=macula,PRIMARY_CONFIRMATORY,200,100,0.7197255243065623,0.57,0.418,0.40473137973137974,0.418,0.3914854978242402,0.5768971306471307,0.57,0.564099140098126,0.63,0.15,0.57,0.28,0.85,0.7777777777777778,0.84,0.8076923076923077,100,0.76,0.125,0.1111111111111111,0.11764705882352941,18,0.9230769230769231,0.5,0.3055555555555556,0.3793103448275862,36,0.9329268292682927,0.42857142857142855,0.3333333333333333,0.375,36,0.9024390243902439,0.19230769230769232,0.5,0.2777777777777778,10,0.8894736842105263,0.0,0.11254306882619858,0.049858052721247076,0.2770231366157532,0.2595456838607788,0.18630409240722656,0.16355372965335846
ptq_int8,8888,PTQ_INT8,setC,_1=macula,PRIMARY_CONFIRMATORY,200,100,0.6962858034621018,0.595,0.4097777777777778,0.3938112305854241,0.4097777777777778,0.37512548262548256,0.565194743130227,0.595,0.5624777992277993,0.635,0.165,0.595,0.24,0.835,0.7338709677419355,0.91,0.8125,100,0.67,0.0,0.0,0.0,18,0.9725274725274725,0.5,0.3333333333333333,0.4,36,0.926829268292683,0.55,0.3055555555555556,0.39285714285714285,36,0.9451219512195121,0.18518518518518517,0.5,0.2702702702702703,10,0.8842105263157894,0.0,0.11469828337430954,0.033890823563560844,0.2881406247615814,0.2506716251373291,0.18159180879592896,0.15849706530570984
ft_ptq_int8,42,FT_PTQ_INT8,setC,_1=macula,PRIMARY_CONFIRMATORY,200,100,0.6436370617455784,0.555,0.39577777777777773,0.366728121927237,0.39577777777777773,0.3551404792084162,0.536264749262537,0.555,0.532854130818091,0.715,0.175,0.555,0.27,0.825,0.7433628318584071,0.84,0.7887323943661971,100,0.71,0.1111111111111111,0.05555555555555555,0.07407407407407407,18,0.9560439560439561,0.5,0.4444444444444444,0.47058823529411764,36,0.9024390243902439,0.3125,0.1388888888888889,0.19230769230769232,36,0.9329268292682927,0.16666666666666666,0.5,0.25,10,0.868421052631579,0.0,0.12419407069683075,0.0475691088475287,0.29924699664115906,0.27575236558914185,0.20958930253982544,0.16569633781909943
ft_ptq_int8,123,FT_PTQ_INT8,setC,_1=macula,PRIMARY_CONFIRMATORY,200,100,0.6424948065123919,0.57,0.4646666666666667,0.4506824513086409,0.4646666666666667,0.4173983858582237,0.5721721847170638,0.57,0.5550683918996372,0.72,0.215,0.57,0.215,0.785,0.7383177570093458,0.79,0.7632850241545893,100,0.72,0.4,0.1111111111111111,0.17391304347826086,18,0.9835164835164835,0.42105263157894735,0.4444444444444444,0.43243243243243246,36,0.8658536585365854,0.43478260869565216,0.2777777777777778,0.3389830508474576,36,0.9207317073170732,0.25925925925925924,0.7,0.3783783783783784,10,0.8947368421052632,0.0,0.13195399940013885,0.06872671155259014,0.3281959891319275,0.3052564561367035,0.2139846235513687,0.1625213623046875
ft_ptq_int8,2026,FT_PTQ_INT8,setC,_1=macula,PRIMARY_CONFIRMATORY,200,100,0.609071484071484,0.49,0.3828888888888889,0.348978490069768,0.3828888888888889,0.35075061050061046,0.49830417047455583,0.49,0.4893930097680097,0.8,0.195,0.49,0.315,0.805,0.72,0.72,0.72,100,0.72,0.23529411764705882,0.2222222222222222,0.22857142857142856,18,0.9285714285714286,0.32142857142857145,0.25,0.28125,36,0.8841463414634146,0.27586206896551724,0.2222222222222222,0.24615384615384617,36,0.8719512195121951,0.19230769230769232,0.5,0.2777777777777778,10,0.8894736842105263,0.0,0.13631297647953033,0.08586085193324834,0.34746184945106506,0.3169737756252289,0.22277137637138367,0.1720048487186432
ft_ptq_int8,3407,FT_PTQ_INT8,setC,_1=macula,PRIMARY_CONFIRMATORY,200,100,0.6934479107674882,0.59,0.426,0.4360485810485811,0.426,0.4034234199426897,0.5743127705627704,0.59,0.5664457838307737,0.645,0.185,0.59,0.225,0.815,0.7333333333333333,0.88,0.8,100,0.68,0.2857142857142857,0.1111111111111111,0.16,18,0.9725274725274725,0.4074074074074074,0.3055555555555556,0.3492063492063492,36,0.9024390243902439,0.5454545454545454,0.3333333333333333,0.41379310344827586,36,0.9390243902439024,0.20833333333333334,0.5,0.29411764705882354,10,0.9,0.0,0.11430863291025162,0.02675190828740597,0.2898702621459961,0.2664278745651245,0.17503167688846588,0.14694489538669586
ft_ptq_int8,8888,FT_PTQ_INT8,setC,_1=macula,PRIMARY_CONFIRMATORY,200,100,0.6679192519444201,0.48,0.3784444444444444,0.30536268368362507,0.3784444444444444,0.3107019406752606,0.49862098237808083,0.48,0.48047155662500574,0.79,0.19,0.48,0.33,0.81,0.7741935483870968,0.72,0.7461139896373057,100,0.79,0.0,0.0,0.0,18,0.9505494505494505,0.3103448275862069,0.25,0.27692307692307694,36,0.8780487804878049,0.25806451612903225,0.2222222222222222,0.23880597014925373,36,0.8597560975609756,0.18421052631578946,0.7,0.2916666666666667,10,0.8368421052631579,0.0,0.13401071727275848,0.1214798739226535,0.310594379901886,0.28803980350494385,0.22593219578266144,0.20101790130138397
qat_int8,42,QAT_INT8,setC,_1=macula,PRIMARY_CONFIRMATORY,200,100,0.6159600997506234,0.585,0.39688888888888885,0.4199893270419054,0.39688888888888885,0.3798692896946172,0.5611568924839906,0.585,0.5516008336641525,0.71,0.195,0.585,0.22,0.805,0.689922480620155,0.89,0.777292576419214,100,0.6,0.16666666666666666,0.05555555555555555,0.08333333333333333,18,0.9725274725274725,0.625,0.4166666666666667,0.5,36,0.9451219512195121,0.4444444444444444,0.2222222222222222,0.2962962962962963,36,0.9390243902439024,0.17391304347826086,0.4,0.24242424242424243,10,0.9,0.0,0.12676039338111877,0.045252068401314315,0.30506715178489685,0.2704360783100128,0.19418546557426453,0.14669747650623322
qat_int8,123,QAT_INT8,setC,_1=macula,PRIMARY_CONFIRMATORY,200,100,0.6324073617210244,0.515,0.34244444444444444,0.3318392372565821,0.34244444444444444,0.31502774113893883,0.48695792001534854,0.515,0.4862810934623859,0.76,0.2,0.515,0.285,0.8,0.6942148760330579,0.84,0.7601809954751131,100,0.63,0.15384615384615385,0.1111111111111111,0.12903225806451613,18,0.9395604395604396,0.30434782608695654,0.19444444444444445,0.23728813559322035,36,0.9024390243902439,0.35294117647058826,0.16666666666666666,0.22641509433962265,36,0.9329268292682927,0.15384615384615385,0.4,0.2222222222222222,10,0.8842105263157894,0.0,0.1309102475643158,0.04743630928918719,0.33435875177383423,0.2978813946247101,0.19142642617225647,0.15261244773864746
qat_int8,2026,QAT_INT8,setC,_1=macula,PRIMARY_CONFIRMATORY,200,100,0.5914702581369249,0.42,0.34555555555555556,0.30132139812446723,0.34555555555555556,0.2938226179026199,0.5086892583120205,0.42,0.44778312658758535,0.92,0.25,0.42,0.33,0.75,0.8333333333333334,0.6,0.6976744186046512,100,0.88,0.08333333333333333,0.05555555555555555,0.06666666666666667,18,0.9395604395604396,0.21739130434782608,0.2777777777777778,0.24390243902439024,36,0.7804878048780488,0.20588235294117646,0.19444444444444445,0.2,36,0.8353658536585366,0.16666666666666666,0.6,0.2608695652173913,10,0.8421052631578947,0.0,0.15790018439292908,0.15906488180160522,0.3516174554824829,0.3399601876735687,0.27512550354003906,0.21287916600704193
qat_int8,3407,QAT_INT8,setC,_1=macula,PRIMARY_CONFIRMATORY,200,100,0.6606362761310067,0.56,0.4017777777777778,0.4136284414510222,0.4017777777777778,0.37499349594001546,0.5510124955689473,0.56,0.5325351089676217,0.695,0.19,0.56,0.25,0.81,0.7016129032258065,0.87,0.7767857142857143,100,0.63,0.23076923076923078,0.16666666666666666,0.1935483870967742,18,0.945054945054945,0.38095238095238093,0.2222222222222222,0.2807017543859649,36,0.9207317073170732,0.5625,0.25,0.34615384615384615,36,0.9573170731707317,0.19230769230769232,0.5,0.2777777777777778,10,0.8894736842105263,0.0,0.12122093886137009,0.04384091938845814,0.3015519380569458,0.26958605647087097,0.17510370910167694,0.14925828576087952
qat_int8,8888,QAT_INT8,setC,_1=macula,PRIMARY_CONFIRMATORY,200,100,0.6716459325717985,0.545,0.4188888888888889,0.4092712723718771,0.4188888888888889,0.3731932511479358,0.5546553051126993,0.545,0.5327623757476789,0.72,0.195,0.545,0.26,0.805,0.7476635514018691,0.8,0.7729468599033816,100,0.73,0.3333333333333333,0.1111111111111111,0.16666666666666666,18,0.978021978021978,0.4,0.3888888888888889,0.39436619718309857,36,0.8719512195121951,0.3888888888888889,0.19444444444444445,0.25925925925925924,36,0.9329268292682927,0.17647058823529413,0.6,0.2727272727272727,10,0.8526315789473684,0.0,0.13025937974452972,0.07917203363496811,0.32177403569221497,0.2843538224697113,0.20435471832752228,0.17926105856895447
teacher,-,FP32,setC,_1=disc,supplementary,200,100,0.7793712079426365,0.64,0.45999999999999996,0.4298260794323786,0.45999999999999996,0.42390811131310857,0.5890706930864411,0.64,0.5990361292282664,0.51,0.12,0.64,0.24,0.88,0.7480314960629921,0.95,0.8370044052863436,100,0.68,0.0,0.0,0.0,18,0.978021978021978,0.6153846153846154,0.4444444444444444,0.5161290322580645,36,0.9390243902439024,0.5,0.3055555555555556,0.3793103448275862,36,0.9329268292682927,0.2857142857142857,0.6,0.3870967741935484,10,0.9210526315789473,0.0,0.09173117578029633,0.029896573331207037,0.22974304854869843,0.1807662546634674,0.155120387673378,0.12504495680332184
best_fp32,42,FP32,setC,_1=disc,supplementary,200,100,0.6565741519484161,0.515,0.3837777777777778,0.34576675354976605,0.3837777777777778,0.34427962262412404,0.5362299506030829,0.515,0.5192554658585403,0.74,0.17,0.515,0.315,0.83,0.8210526315789474,0.78,0.8,100,0.83,0.2,0.16666666666666666,0.18181818181818182,18,0.9340659340659341,0.38235294117647056,0.3611111111111111,0.37142857142857144,36,0.8719512195121951,0.17391304347826086,0.1111111111111111,0.13559322033898305,36,0.8841463414634146,0.15151515151515152,0.5,0.23255813953488372,10,0.8526315789473684,0.0,0.1337582916021347,0.08766072914935649,0.295414000749588,0.28070101141929626,0.23997291922569275,0.19046199321746826
best_fp32,123,FP32,setC,_1=disc,supplementary,200,100,0.6520763187429854,0.52,0.3637777777777778,0.3474567966154361,0.3637777777777778,0.34177054757053893,0.5168154783246091,0.52,0.5121646778092225,0.735,0.195,0.52,0.285,0.805,0.7289719626168224,0.78,0.7536231884057971,100,0.71,0.08333333333333333,0.05555555555555555,0.06666666666666667,18,0.9395604395604396,0.3235294117647059,0.3055555555555556,0.3142857142857143,36,0.8597560975609756,0.43478260869565216,0.2777777777777778,0.3389830508474576,36,0.9207317073170732,0.16666666666666666,0.4,0.23529411764705882,10,0.8947368421052632,0.0,0.12702596187591553,0.05853507782332598,0.33041152358055115,0.3013319969177246,0.20383471250534058,0.15752382576465607
best_fp32,2026,FP32,setC,_1=disc,supplementary,200,100,0.6378479203507668,0.5,0.34911111111111104,0.3254170026339837,0.34911111111111104,0.32278682051766316,0.495231609149062,0.5,0.4919545706204957,0.765,0.18,0.5,0.32,0.82,0.7452830188679245,0.79,0.7669902912621359,100,0.73,0.1875,0.16666666666666666,0.17647058823529413,18,0.9285714285714286,0.34615384615384615,0.25,0.2903225806451613,36,0.8963414634146342,0.2,0.1388888888888889,0.16393442622950818,36,0.8780487804878049,0.14814814814814814,0.4,0.21621621621621623,10,0.8789473684210526,0.0,0.13322730362415314,0.07927433860488235,0.32588741183280945,0.2981923222541809,0.22858113050460815,0.17667646706104279
best_fp32,3407,FP32,setC,_1=disc,supplementary,200,100,0.7388166017665495,0.59,0.40422222222222226,0.3769080955890094,0.40422222222222226,0.36740066618108014,0.5627826613327719,0.59,0.563606036549935,0.6,0.145,0.59,0.265,0.855,0.7711864406779662,0.91,0.8348623853211009,100,0.73,0.0,0.0,0.0,18,0.9615384615384616,0.5,0.3333333333333333,0.4,36,0.926829268292683,0.43478260869565216,0.2777777777777778,0.3389830508474576,36,0.9207317073170732,0.17857142857142858,0.5,0.2631578947368421,10,0.8789473684210526,0.0,0.10938626527786255,0.03802686706185341,0.2574669122695923,0.2378770262002945,0.175750732421875,0.1710076928138733
best_fp32,8888,FP32,setC,_1=disc,supplementary,200,100,0.6871881009761678,0.6,0.41533333333333333,0.41406080316742083,0.41533333333333333,0.38346944792644566,0.5751547228506787,0.6,0.564449988513918,0.635,0.17,0.6,0.23,0.83,0.7109375,0.91,0.7982456140350878,100,0.63,0.0,0.0,0.0,18,0.978021978021978,0.52,0.3611111111111111,0.4262295081967213,36,0.926829268292683,0.6470588235294118,0.3055555555555556,0.41509433962264153,36,0.9634146341463414,0.19230769230769232,0.5,0.2777777777777778,10,0.8894736842105263,0.0,0.11494345963001251,0.031899614967405794,0.29143908619880676,0.24723964929580688,0.16604702174663544,0.15284463763237
csd_fp32,42,FP32,setC,_1=disc,supplementary,200,100,0.6565741519484161,0.515,0.3837777777777778,0.34576675354976605,0.3837777777777778,0.34427962262412404,0.5362299506030829,0.515,0.5192554658585403,0.74,0.17,0.515,0.315,0.83,0.8210526315789474,0.78,0.8,100,0.83,0.2,0.16666666666666666,0.18181818181818182,18,0.9340659340659341,0.38235294117647056,0.3611111111111111,0.37142857142857144,36,0.8719512195121951,0.17391304347826086,0.1111111111111111,0.13559322033898305,36,0.8841463414634146,0.15151515151515152,0.5,0.23255813953488372,10,0.8526315789473684,0.0,0.1337582916021347,0.08766072914935649,0.295414000749588,0.28070101141929626,0.23997291922569275,0.19046199321746826
csd_fp32,123,FP32,setC,_1=disc,supplementary,200,100,0.6520763187429854,0.52,0.3637777777777778,0.3474567966154361,0.3637777777777778,0.34177054757053893,0.5168154783246091,0.52,0.5121646778092225,0.735,0.195,0.52,0.285,0.805,0.7289719626168224,0.78,0.7536231884057971,100,0.71,0.08333333333333333,0.05555555555555555,0.06666666666666667,18,0.9395604395604396,0.3235294117647059,0.3055555555555556,0.3142857142857143,36,0.8597560975609756,0.43478260869565216,0.2777777777777778,0.3389830508474576,36,0.9207317073170732,0.16666666666666666,0.4,0.23529411764705882,10,0.8947368421052632,0.0,0.12702596187591553,0.05853507782332598,0.33041152358055115,0.3013319969177246,0.20383471250534058,0.15752382576465607
csd_fp32,2026,FP32,setC,_1=disc,supplementary,200,100,0.6378479203507668,0.5,0.34911111111111104,0.3254170026339837,0.34911111111111104,0.32278682051766316,0.495231609149062,0.5,0.4919545706204957,0.765,0.18,0.5,0.32,0.82,0.7452830188679245,0.79,0.7669902912621359,100,0.73,0.1875,0.16666666666666666,0.17647058823529413,18,0.9285714285714286,0.34615384615384615,0.25,0.2903225806451613,36,0.8963414634146342,0.2,0.1388888888888889,0.16393442622950818,36,0.8780487804878049,0.14814814814814814,0.4,0.21621621621621623,10,0.8789473684210526,0.0,0.13322730362415314,0.07927433860488235,0.32588741183280945,0.2981923222541809,0.22858113050460815,0.17667646706104279
csd_fp32,3407,FP32,setC,_1=disc,supplementary,200,100,0.7388166017665495,0.59,0.40422222222222226,0.3769080955890094,0.40422222222222226,0.36740066618108014,0.5627826613327719,0.59,0.563606036549935,0.6,0.145,0.59,0.265,0.855,0.7711864406779662,0.91,0.8348623853211009,100,0.73,0.0,0.0,0.0,18,0.9615384615384616,0.5,0.3333333333333333,0.4,36,0.926829268292683,0.43478260869565216,0.2777777777777778,0.3389830508474576,36,0.9207317073170732,0.17857142857142858,0.5,0.2631578947368421,10,0.8789473684210526,0.0,0.10938626527786255,0.03802686706185341,0.2574669122695923,0.2378770262002945,0.175750732421875,0.1710076928138733
csd_fp32,8888,FP32,setC,_1=disc,supplementary,200,100,0.6871881009761678,0.6,0.41533333333333333,0.41406080316742083,0.41533333333333333,0.38346944792644566,0.5751547228506787,0.6,0.564449988513918,0.635,0.17,0.6,0.23,0.83,0.7109375,0.91,0.7982456140350878,100,0.63,0.0,0.0,0.0,18,0.978021978021978,0.52,0.3611111111111111,0.4262295081967213,36,0.926829268292683,0.6470588235294118,0.3055555555555556,0.41509433962264153,36,0.9634146341463414,0.19230769230769232,0.5,0.2777777777777778,10,0.8894736842105263,0.0,0.11494345963001251,0.031899614967405794,0.29143908619880676,0.24723964929580688,0.16604702174663544,0.15284463763237
fp32_ft_control,42,FP32,setC,_1=disc,supplementary,200,100,0.625784645098986,0.56,0.3982222222222222,0.39572339436915344,0.3982222222222222,0.3689899718537942,0.537425272517931,0.56,0.5310528675958249,0.73,0.19,0.56,0.25,0.81,0.7213114754098361,0.88,0.7927927927927928,100,0.66,0.2727272727272727,0.16666666666666666,0.20689655172413793,18,0.9560439560439561,0.4444444444444444,0.2222222222222222,0.2962962962962963,36,0.9390243902439024,0.34782608695652173,0.2222222222222222,0.2711864406779661,36,0.9085365853658537,0.19230769230769232,0.5,0.2777777777777778,10,0.8894736842105263,0.0,0.12513643503189087,0.04364461896941066,0.30046185851097107,0.2718730866909027,0.20347772538661957,0.16059522330760956
fp32_ft_control,123,FP32,setC,_1=disc,supplementary,200,100,0.638041163946061,0.505,0.36866666666666664,0.3328669803445698,0.36866666666666664,0.33241455391544816,0.5074160435738659,0.505,0.5004249478467666,0.78,0.21,0.505,0.285,0.79,0.7450980392156863,0.76,0.7524752475247525,100,0.74,0.09090909090909091,0.05555555555555555,0.06896551724137931,18,0.945054945054945,0.3225806451612903,0.2777777777777778,0.29850746268656714,36,0.8719512195121951,0.3333333333333333,0.25,0.2857142857142857,36,0.8902439024390244,0.1724137931034483,0.5,0.2564102564102564,10,0.8736842105263158,0.0,0.13881787657737732,0.08544760771095752,0.33060699701309204,0.30678126215934753,0.22106651961803436,0.18039436638355255
fp32_ft_control,2026,FP32,setC,_1=disc,supplementary,200,100,0.6487950240049192,0.5,0.36488888888888893,0.34720689894287304,0.36488888888888893,0.34076070132104613,0.5321045816804516,0.5,0.5109375047521598,0.775,0.205,0.5,0.295,0.795,0.7934782608695652,0.73,0.7604166666666666,100,0.81,0.18181818181818182,0.1111111111111111,0.13793103448275862,18,0.9505494505494505,0.2894736842105263,0.3055555555555556,0.2972972972972973,36,0.8353658536585366,0.3333333333333333,0.2777777777777778,0.30303030303030304,36,0.8780487804878049,0.13793103448275862,0.4,0.20512820512820512,10,0.868421052631579,0.0,0.1347966343164444,0.1060252868803218,0.32928362488746643,0.3032134473323822,0.24063673615455627,0.1888914853334427
fp32_ft_control,3407,FP32,setC,_1=disc,supplementary,200,100,0.7065430041301355,0.575,0.38755555555555554,0.3744107744107744,0.38755555555555554,0.35125904054802437,0.5440067340067339,0.575,0.5386971164023346,0.645,0.17,0.575,0.255,0.83,0.7222222222222222,0.91,0.8053097345132744,100,0.65,0.0,0.0,0.0,18,0.9615384615384616,0.4090909090909091,0.25,0.3103448275862069,36,0.9207317073170732,0.5555555555555556,0.2777777777777778,0.37037037037037035,36,0.9512195121951219,0.18518518518518517,0.5,0.2702702702702703,10,0.8842105263157894,0.0,0.11214542388916016,0.02939604031853378,0.2748722732067108,0.245374858379364,0.16105563938617706,0.1562214344739914
fp32_ft_control,8888,FP32,setC,_1=disc,supplementary,200,100,0.676773194937631,0.53,0.38933333333333336,0.3718181818181818,0.38933333333333336,0.3542442461986196,0.5447792207792209,0.53,0.5270145563832486,0.73,0.19,0.53,0.28,0.81,0.7428571428571429,0.78,0.7609756097560976,100,0.73,0.1,0.05555555555555555,0.07142857142857142,18,0.9505494505494505,0.4642857142857143,0.3611111111111111,0.40625,36,0.9085365853658537,0.4090909090909091,0.25,0.3103448275862069,36,0.9207317073170732,0.14285714285714285,0.5,0.2222222222222222,10,0.8421052631578947,0.0,0.12502498924732208,0.0860243257926777,0.3066215217113495,0.27074170112609863,0.19795933365821838,0.18854129314422607
ptq_int8,42,PTQ_INT8,setC,_1=disc,supplementary,200,100,0.6423562412342216,0.5,0.37977777777777777,0.3436895770675987,0.37977777777777777,0.3409277520596482,0.5217805124089671,0.5,0.5041942554488423,0.77,0.185,0.5,0.315,0.815,0.7916666666666666,0.76,0.7755102040816326,100,0.8,0.23529411764705882,0.2222222222222222,0.22857142857142856,18,0.9285714285714286,0.3225806451612903,0.2777777777777778,0.29850746268656714,36,0.8719512195121951,0.21739130434782608,0.1388888888888889,0.1694915254237288,36,0.8902439024390244,0.15151515151515152,0.5,0.23255813953488372,10,0.8526315789473684,0.0,0.13476818799972534,0.0891545657906681,0.29930368065834045,0.28050899505615234,0.2419167459011078,0.19048112630844116
ptq_int8,123,PTQ_INT8,setC,_1=disc,supplementary,200,100,0.6496999221555383,0.54,0.3753333333333334,0.3615352291386774,0.3753333333333334,0.3559869772458699,0.5256739140170175,0.54,0.5264165814080753,0.715,0.185,0.54,0.275,0.815,0.7232142857142857,0.81,0.7641509433962265,100,0.69,0.08333333333333333,0.05555555555555555,0.06666666666666667,18,0.9395604395604396,0.3793103448275862,0.3055555555555556,0.3384615384615385,36,0.8902439024390244,0.44,0.3055555555555556,0.36065573770491804,36,0.9146341463414634,0.18181818181818182,0.4,0.25,10,0.9052631578947369,0.0,0.12513414025306702,0.05462573159486056,0.33427485823631287,0.30620360374450684,0.20652376115322113,0.15114730596542358
ptq_int8,2026,PTQ_INT8,setC,_1=disc,supplementary,200,100,0.675632708530988,0.605,0.46311111111111114,0.46044207959815947,0.46311111111111114,0.4511186897393794,0.6022112687675302,0.605,0.5972399898951622,0.625,0.155,0.605,0.24,0.845,0.7818181818181819,0.86,0.819047619047619,100,0.76,0.3888888888888889,0.3888888888888889,0.3888888888888889,18,0.9395604395604396,0.5416666666666666,0.3611111111111111,0.43333333333333335,36,0.9329268292682927,0.3793103448275862,0.3055555555555556,0.3384615384615385,36,0.8902439024390244,0.21052631578947367,0.4,0.27586206896551724,10,0.9210526315789473,0.0,0.12339635193347931,0.055661375522613535,0.3173673152923584,0.29241207242012024,0.21889711916446686,0.15492144227027893
ptq_int8,3407,PTQ_INT8,setC,_1=disc,supplementary,200,100,0.7217470909923149,0.575,0.41288888888888886,0.3999041568068117,0.41288888888888886,0.3844120277218869,0.5684282796849168,0.575,0.5600181645428124,0.625,0.15,0.575,0.275,0.85,0.7699115044247787,0.87,0.8169014084507042,100,0.74,0.14285714285714285,0.1111111111111111,0.125,18,0.9340659340659341,0.45,0.25,0.32142857142857145,36,0.9329268292682927,0.4444444444444444,0.3333333333333333,0.38095238095238093,36,0.9085365853658537,0.19230769230769232,0.5,0.2777777777777778,10,0.8894736842105263,0.0,0.11237423121929169,0.046849769679829484,0.2720597982406616,0.25526854395866394,0.18428009748458862,0.16597449779510498
ptq_int8,8888,PTQ_INT8,setC,_1=disc,supplementary,200,100,0.6987581458256487,0.6,0.4188888888888889,0.4066374807987711,0.4188888888888889,0.3894544098916529,0.5711484639016897,0.6,0.5694165319276977,0.625,0.17,0.6,0.23,0.83,0.7258064516129032,0.9,0.8035714285714286,100,0.66,0.0,0.0,0.0,18,0.967032967032967,0.48,0.3333333333333333,0.39344262295081966,36,0.9207317073170732,0.6190476190476191,0.3611111111111111,0.45614035087719296,36,0.9512195121951219,0.20833333333333334,0.5,0.29411764705882354,10,0.9,0.0,0.11509497463703156,0.027944526746869088,0.2865709960460663,0.24924930930137634,0.1825508177280426,0.1580202579498291
ft_ptq_int8,42,FT_PTQ_INT8,setC,_1=disc,supplementary,200,100,0.6427798224723966,0.565,0.4033333333333333,0.3816994300451829,0.4033333333333333,0.36712536990022804,0.5518236585389862,0.565,0.5458118939430691,0.705,0.175,0.565,0.26,0.825,0.7522123893805309,0.85,0.7981220657276995,100,0.72,0.1111111111111111,0.05555555555555555,0.07407407407407407,18,0.9560439560439561,0.4838709677419355,0.4166666666666667,0.44776119402985076,36,0.9024390243902439,0.3888888888888889,0.19444444444444445,0.25925925925925924,36,0.9329268292682927,0.1724137931034483,0.5,0.2564102564102564,10,0.8736842105263158,0.0,0.1252383142709732,0.051988751352764664,0.297689825296402,0.27445611357688904,0.21335142850875854,0.16923555731773376
ft_ptq_int8,123,FT_PTQ_INT8,setC,_1=disc,supplementary,200,100,0.6463553945993243,0.555,0.4335555555555556,0.41292633292633296,0.4335555555555556,0.39612964969302994,0.549993487993488,0.555,0.5418602744673167,0.725,0.21,0.555,0.235,0.79,0.7314814814814815,0.79,0.7596153846153846,100,0.71,0.2857142857142857,0.1111111111111111,0.16,18,0.9725274725274725,0.4,0.3888888888888889,0.39436619718309857,36,0.8719512195121951,0.4166666666666667,0.2777777777777778,0.3333333333333333,36,0.9146341463414634,0.23076923076923078,0.6,0.3333333333333333,10,0.8947368421052632,0.0,0.13203644752502441,0.0639856300316751,0.32725632190704346,0.3027825653553009,0.21543380618095398,0.163139209151268
ft_ptq_int8,2026,FT_PTQ_INT8,setC,_1=disc,supplementary,200,100,0.6012563492258238,0.495,0.376,0.35551520207638115,0.376,0.35502816235564266,0.5037720152020764,0.495,0.49606652259066664,0.805,0.21,0.495,0.295,0.79,0.73,0.73,0.73,100,0.73,0.3125,0.2777777777777778,0.29411764705882354,18,0.9395604395604396,0.3103448275862069,0.25,0.27692307692307694,36,0.8780487804878049,0.25806451612903225,0.2222222222222222,0.23880597014925373,36,0.8597560975609756,0.16666666666666666,0.4,0.23529411764705882,10,0.8947368421052632,0.0,0.1385037750005722,0.08588588109705597,0.3471817374229431,0.315885454416275,0.22943632304668427,0.17490293085575104
ft_ptq_int8,3407,FT_PTQ_INT8,setC,_1=disc,supplementary,200,100,0.6923677913960642,0.575,0.40377777777777785,0.39950039032006246,0.40377777777777785,0.3760246375491384,0.5553700234192037,0.575,0.5485444389164899,0.66,0.185,0.575,0.24,0.815,0.7213114754098361,0.88,0.7927927927927928,100,0.66,0.1,0.05555555555555555,0.07142857142857142,18,0.9505494505494505,0.47619047619047616,0.2777777777777778,0.3508771929824561,36,0.9329268292682927,0.5,0.3055555555555556,0.3793103448275862,36,0.9329268292682927,0.2,0.5,0.2857142857142857,10,0.8947368421052632,0.0,0.11421091854572296,0.03222243076656014,0.2850264608860016,0.2622775733470917,0.17425090074539185,0.14914214611053467
ft_ptq_int8,8888,FT_PTQ_INT8,setC,_1=disc,supplementary,200,100,0.676278864213899,0.5,0.37555555555555553,0.3180137844611529,0.37555555555555553,0.32109359630139683,0.5171773182957393,0.5,0.5012250393468425,0.765,0.19,0.5,0.31,0.81,0.7894736842105263,0.75,0.7692307692307693,100,0.8,0.0,0.0,0.0,18,0.9505494505494505,0.32142857142857145,0.25,0.28125,36,0.8841463414634146,0.3125,0.2777777777777778,0.29411764705882354,36,0.8658536585365854,0.16666666666666666,0.6,0.2608695652173913,10,0.8421052631578947,0.0,0.13188843429088593,0.11570135483983902,0.3058825731277466,0.282616525888443,0.22405235469341278,0.20146828889846802
qat_int8,42,QAT_INT8,setC,_1=disc,supplementary,200,100,0.6089300630268054,0.58,0.3913333333333333,0.4081499096578655,0.3913333333333333,0.3744385322702056,0.5483482077286239,0.58,0.5446799164005593,0.715,0.195,0.58,0.225,0.805,0.689922480620155,0.89,0.777292576419214,100,0.6,0.16666666666666666,0.05555555555555555,0.08333333333333333,18,0.9725274725274725,0.52,0.3611111111111111,0.4262295081967213,36,0.926829268292683,0.47368421052631576,0.25,0.32727272727272727,36,0.9390243902439024,0.19047619047619047,0.4,0.25806451612903225,10,0.9105263157894737,0.0,0.12484517693519592,0.04171653129160404,0.3039815127849579,0.2703320384025574,0.19542400538921356,0.14471639692783356
qat_int8,123,QAT_INT8,setC,_1=disc,supplementary,200,100,0.643278882109821,0.505,0.3166666666666666,0.2922105263157895,0.3166666666666666,0.2835786435786436,0.4597894736842105,0.505,0.4672842712842713,0.76,0.2,0.505,0.295,0.8,0.68,0.85,0.7555555555555555,100,0.6,0.0,0.0,0.0,18,0.9395604395604396,0.2,0.1111111111111111,0.14285714285714285,36,0.9024390243902439,0.42105263157894735,0.2222222222222222,0.2909090909090909,36,0.9329268292682927,0.16,0.4,0.22857142857142856,10,0.8894736842105263,0.0,0.13055838644504547,0.04815527873579412,0.3321683406829834,0.2943190038204193,0.19234883785247803,0.15269114077091217
qat_int8,2026,QAT_INT8,setC,_1=disc,supplementary,200,100,0.5866079135056557,0.41,0.3035555555555556,0.2798425430778372,0.3035555555555556,0.27190627202255113,0.49878639334521685,0.41,0.4406141649048626,0.92,0.225,0.41,0.365,0.775,0.8194444444444444,0.59,0.686046511627907,100,0.87,0.0,0.0,0.0,18,0.9230769230769231,0.29545454545454547,0.3611111111111111,0.325,36,0.8109756097560976,0.16666666666666666,0.16666666666666666,0.16666666666666666,36,0.8170731707317073,0.11764705882352941,0.4,0.18181818181818182,10,0.8421052631578947,0.0,0.16036169230937958,0.1587962101213634,0.3515198528766632,0.33904263377189636,0.2829090356826782,0.21536855399608612
qat_int8,3407,QAT_INT8,setC,_1=disc,supplementary,200,100,0.6498169218293073,0.525,0.35377777777777775,0.3360210519950335,0.35377777777777775,0.3124061935359948,0.4820771561860229,0.525,0.48127902306236414,0.735,0.195,0.525,0.28,0.805,0.6929133858267716,0.88,0.775330396475771,100,0.61,0.2,0.1111111111111111,0.14285714285714285,18,0.9560439560439561,0.21739130434782608,0.1388888888888889,0.1694915254237288,36,0.8902439024390244,0.38461538461538464,0.1388888888888889,0.20408163265306123,36,0.9512195121951219,0.18518518518518517,0.5,0.2702702702702703,10,0.8842105263157894,0.0,0.1222340390086174,0.04711794924922288,0.29865947365760803,0.2674918472766876,0.1750728040933609,0.149528369307518
qat_int8,8888,QAT_INT8,setC,_1=disc,supplementary,200,100,0.6608572774375883,0.55,0.40088888888888885,0.3855913978494624,0.40088888888888885,0.3643753389631095,0.5510645161290323,0.55,0.537961257224397,0.72,0.195,0.55,0.255,0.805,0.75,0.81,0.7788461538461539,100,0.73,0.16666666666666666,0.05555555555555555,0.08333333333333333,18,0.9725274725274725,0.4,0.3888888888888889,0.39436619718309857,36,0.8719512195121951,0.45,0.25,0.32142857142857145,36,0.9329268292682927,0.16129032258064516,0.5,0.24390243902439024,10,0.8631578947368421,0.0,0.13044938445091248,0.07102774805855007,0.31897875666618347,0.28354817628860474,0.20560167729854584,0.1797298789024353
teacher,-,FP32,setB,_1=macula,supplementary,200,100,0.7869658389007941,0.585,0.43529705735367613,0.40244200244200246,0.43529705735367613,0.3923866356540785,0.5229487179487179,0.585,0.5267200209764443,0.555,0.135,0.585,0.28,0.865,0.6825396825396826,0.9885057471264368,0.8075117370892019,87,0.6460176991150443,0.0,0.0,0.0,23,0.9661016949152542,0.47619047619047616,0.21739130434782608,0.29850746268656714,46,0.9285714285714286,0.6153846153846154,0.47058823529411764,0.5333333333333333,34,0.9397590361445783,0.23809523809523808,0.5,0.3225806451612903,10,0.9157894736842105,0.0,0.09382402151823044,0.037016219918150454,0.2508736550807953,0.1883857399225235,0.14059323072433472,0.13114075362682343
best_fp32,42,FP32,setB,_1=macula,supplementary,200,100,0.6764169898602869,0.465,0.44550430667019436,0.3945058099655801,0.44550430667019436,0.3801375242493501,0.4965240684982065,0.465,0.4682029857135002,0.795,0.225,0.465,0.31,0.775,0.7283950617283951,0.6781609195402298,0.7023809523809523,87,0.8053097345132744,0.46153846153846156,0.2608695652173913,0.3333333333333333,23,0.96045197740113,0.325,0.2826086956521739,0.3023255813953488,46,0.8246753246753247,0.2413793103448276,0.20588235294117646,0.2222222222222222,34,0.8674698795180723,0.21621621621621623,0.8,0.3404255319148936,10,0.8473684210526315,0.0,0.1320943981409073,0.10839374075178057,0.3017798662185669,0.29127252101898193,0.2393876612186432,0.19047680497169495
best_fp32,123,FP32,setB,_1=macula,supplementary,200,100,0.6644790207211858,0.475,0.3729429402945586,0.2967815641728685,0.3729429402945586,0.3195282767268104,0.408816261914088,0.475,0.43263687409124413,0.785,0.23,0.475,0.295,0.77,0.6388888888888888,0.7931034482758621,0.7076923076923077,87,0.6548672566371682,0.0,0.0,0.0,23,0.9717514124293786,0.2222222222222222,0.13043478260869565,0.1643835616438356,46,0.8636363636363636,0.40540540540540543,0.4411764705882353,0.4225352112676056,34,0.8674698795180723,0.21739130434782608,0.5,0.30303030303030304,10,0.9052631578947369,0.0,0.12908831238746643,0.057373180151917044,0.33650341629981995,0.2957068383693695,0.21579645574092865,0.15442581474781036
best_fp32,2026,FP32,setB,_1=macula,supplementary,200,100,0.6865317583268784,0.54,0.46076314783784583,0.4467208848405986,0.46076314783784583,0.40764765640686,0.5352127521145088,0.54,0.5140223166525321,0.705,0.2,0.54,0.26,0.8,0.6698113207547169,0.8160919540229885,0.7357512953367875,87,0.6902654867256637,0.4,0.08695652173913043,0.14285714285714285,23,0.9830508474576272,0.5,0.34782608695652173,0.41025641025641024,46,0.8961038961038961,0.41379310344827586,0.35294117647058826,0.38095238095238093,34,0.8975903614457831,0.25,0.7,0.3684210526315789,10,0.8894736842105263,0.0,0.12523329257965088,0.06587132556363941,0.3207489252090454,0.2911547124385834,0.2204517424106598,0.16760969161987305
best_fp32,3407,FP32,setB,_1=macula,supplementary,200,100,0.6886021302445181,0.465,0.3640250463003792,0.2923408521303258,0.3640250463003792,0.2966729344244037,0.4037520989974937,0.465,0.41688777094636914,0.77,0.2,0.465,0.335,0.8,0.6696428571428571,0.8620689655172413,0.7537688442211056,87,0.672566371681416,0.16666666666666666,0.08695652173913043,0.11428571428571428,23,0.943502824858757,0.15789473684210525,0.06521739130434782,0.09230769230769231,46,0.8961038961038961,0.28,0.20588235294117646,0.23728813559322035,34,0.891566265060241,0.1875,0.6,0.2857142857142857,10,0.8631578947368421,0.0,0.12239844352006912,0.06231168421683834,0.29002171754837036,0.2727108299732208,0.1991404891014099,0.16963377594947815
best_fp32,8888,FP32,setB,_1=macula,supplementary,200,100,0.6427634619468142,0.5,0.3926666078725344,0.3523453416149068,0.3926666078725344,0.34021339449319915,0.441452049689441,0.5,0.44441566844902475,0.77,0.22,0.5,0.28,0.78,0.608,0.8735632183908046,0.7169811320754716,87,0.5663716814159292,0.14285714285714285,0.043478260869565216,0.06666666666666667,23,0.9661016949152542,0.3333333333333333,0.15217391304347827,0.208955223880597,46,0.9090909090909091,0.4166666666666667,0.29411764705882354,0.3448275862068966,34,0.9156626506024096,0.2608695652173913,0.6,0.36363636363636365,10,0.9105263157894737,0.0,0.12930306792259216,0.05780281193787232,0.33264175057411194,0.28215593099594116,0.18600299954414368,0.14101986587047577
csd_fp32,42,FP32,setB,_1=macula,supplementary,200,100,0.6764169898602869,0.465,0.44550430667019436,0.3945058099655801,0.44550430667019436,0.3801375242493501,0.4965240684982065,0.465,0.4682029857135002,0.795,0.225,0.465,0.31,0.775,0.7283950617283951,0.6781609195402298,0.7023809523809523,87,0.8053097345132744,0.46153846153846156,0.2608695652173913,0.3333333333333333,23,0.96045197740113,0.325,0.2826086956521739,0.3023255813953488,46,0.8246753246753247,0.2413793103448276,0.20588235294117646,0.2222222222222222,34,0.8674698795180723,0.21621621621621623,0.8,0.3404255319148936,10,0.8473684210526315,0.0,0.1320943981409073,0.10839374075178057,0.3017798662185669,0.29127252101898193,0.2393876612186432,0.19047680497169495
csd_fp32,123,FP32,setB,_1=macula,supplementary,200,100,0.6644790207211858,0.475,0.3729429402945586,0.2967815641728685,0.3729429402945586,0.3195282767268104,0.408816261914088,0.475,0.43263687409124413,0.785,0.23,0.475,0.295,0.77,0.6388888888888888,0.7931034482758621,0.7076923076923077,87,0.6548672566371682,0.0,0.0,0.0,23,0.9717514124293786,0.2222222222222222,0.13043478260869565,0.1643835616438356,46,0.8636363636363636,0.40540540540540543,0.4411764705882353,0.4225352112676056,34,0.8674698795180723,0.21739130434782608,0.5,0.30303030303030304,10,0.9052631578947369,0.0,0.12908831238746643,0.057373180151917044,0.33650341629981995,0.2957068383693695,0.21579645574092865,0.15442581474781036
csd_fp32,2026,FP32,setB,_1=macula,supplementary,200,100,0.6865317583268784,0.54,0.46076314783784583,0.4467208848405986,0.46076314783784583,0.40764765640686,0.5352127521145088,0.54,0.5140223166525321,0.705,0.2,0.54,0.26,0.8,0.6698113207547169,0.8160919540229885,0.7357512953367875,87,0.6902654867256637,0.4,0.08695652173913043,0.14285714285714285,23,0.9830508474576272,0.5,0.34782608695652173,0.41025641025641024,46,0.8961038961038961,0.41379310344827586,0.35294117647058826,0.38095238095238093,34,0.8975903614457831,0.25,0.7,0.3684210526315789,10,0.8894736842105263,0.0,0.12523329257965088,0.06587132556363941,0.3207489252090454,0.2911547124385834,0.2204517424106598,0.16760969161987305
csd_fp32,3407,FP32,setB,_1=macula,supplementary,200,100,0.6886021302445181,0.465,0.3640250463003792,0.2923408521303258,0.3640250463003792,0.2966729344244037,0.4037520989974937,0.465,0.41688777094636914,0.77,0.2,0.465,0.335,0.8,0.6696428571428571,0.8620689655172413,0.7537688442211056,87,0.672566371681416,0.16666666666666666,0.08695652173913043,0.11428571428571428,23,0.943502824858757,0.15789473684210525,0.06521739130434782,0.09230769230769231,46,0.8961038961038961,0.28,0.20588235294117646,0.23728813559322035,34,0.891566265060241,0.1875,0.6,0.2857142857142857,10,0.8631578947368421,0.0,0.12239844352006912,0.06231168421683834,0.29002171754837036,0.2727108299732208,0.1991404891014099,0.16963377594947815
csd_fp32,8888,FP32,setB,_1=macula,supplementary,200,100,0.6427634619468142,0.5,0.3926666078725344,0.3523453416149068,0.3926666078725344,0.34021339449319915,0.441452049689441,0.5,0.44441566844902475,0.77,0.22,0.5,0.28,0.78,0.608,0.8735632183908046,0.7169811320754716,87,0.5663716814159292,0.14285714285714285,0.043478260869565216,0.06666666666666667,23,0.9661016949152542,0.3333333333333333,0.15217391304347827,0.208955223880597,46,0.9090909090909091,0.4166666666666667,0.29411764705882354,0.3448275862068966,34,0.9156626506024096,0.2608695652173913,0.6,0.36363636363636365,10,0.9105263157894737,0.0,0.12930306792259216,0.05780281193787232,0.33264175057411194,0.28215593099594116,0.18600299954414368,0.14101986587047577
fp32_ft_control,42,FP32,setB,_1=macula,supplementary,200,100,0.7132160599006456,0.47,0.4022553429167769,0.31312504699601473,0.4022553429167769,0.3213964861840181,0.43549590194751486,0.47,0.4374866902018978,0.735,0.18,0.47,0.35,0.82,0.6538461538461539,0.7816091954022989,0.7120418848167539,87,0.6814159292035398,0.0,0.0,0.0,23,0.9322033898305084,0.41935483870967744,0.2826086956521739,0.33766233766233766,46,0.8831168831168831,0.25,0.14705882352941177,0.18518518518518517,34,0.9096385542168675,0.24242424242424243,0.8,0.37209302325581395,10,0.868421052631579,0.0,0.12350735068321228,0.06484038086608052,0.3116227686405182,0.2816968858242035,0.20403379201889038,0.15987178683280945
fp32_ft_control,123,FP32,setB,_1=macula,supplementary,200,100,0.6516597724329961,0.45,0.42636505276773373,0.32508879880013897,0.42636505276773373,0.3324669655779017,0.4270732886454536,0.45,0.42349798565186636,0.84,0.245,0.45,0.305,0.755,0.6391752577319587,0.7126436781609196,0.6739130434782609,87,0.6902654867256637,0.09090909090909091,0.043478260869565216,0.058823529411764705,23,0.943502824858757,0.25925925925925924,0.15217391304347827,0.1917808219178082,46,0.8701298701298701,0.39285714285714285,0.3235294117647059,0.3548387096774194,34,0.8975903614457831,0.24324324324324326,0.9,0.3829787234042553,10,0.8526315789473684,0.0,0.13969780504703522,0.0842432380001992,0.33425208926200867,0.29760897159576416,0.22702987492084503,0.180524542927742
fp32_ft_control,2026,FP32,setB,_1=macula,supplementary,200,100,0.700530110006883,0.48,0.4285586618455478,0.3712765085791402,0.4285586618455478,0.37099299535536917,0.4861297112974745,0.48,0.4727980743813138,0.74,0.19,0.48,0.33,0.81,0.7032967032967034,0.735632183908046,0.7191011235955056,87,0.7610619469026548,0.21052631578947367,0.17391304347826086,0.19047619047619047,23,0.9152542372881356,0.36666666666666664,0.2391304347826087,0.2894736842105263,46,0.8766233766233766,0.35714285714285715,0.29411764705882354,0.3225806451612903,34,0.891566265060241,0.21875,0.7,0.3333333333333333,10,0.868421052631579,0.0,0.1251727044582367,0.09186471145832911,0.3251403868198395,0.2984675168991089,0.23047100007534027,0.17743240296840668
fp32_ft_control,3407,FP32,setB,_1=macula,supplementary,200,100,0.6731566739298516,0.465,0.3519957668224711,0.2738722790453711,0.3519957668224711,0.2751836535368373,0.3759477445580907,0.465,0.395719161437602,0.795,0.225,0.465,0.31,0.775,0.6341463414634146,0.896551724137931,0.7428571428571429,87,0.6017699115044248,0.16666666666666666,0.043478260869565216,0.06896551724137931,23,0.9717514124293786,0.125,0.043478260869565216,0.06451612903225806,46,0.9090909090909091,0.25,0.17647058823529413,0.20689655172413793,34,0.891566265060241,0.1935483870967742,0.6,0.2926829268292683,10,0.868421052631579,0.0,0.1256326138973236,0.06761048253159971,0.30356624722480774,0.27407753467559814,0.18766409158706665,0.1579042375087738
fp32_ft_control,8888,FP32,setB,_1=macula,supplementary,200,100,0.7067413862702728,0.465,0.3991380780198136,0.331751528894386,0.3991380780198136,0.3338857853945588,0.44815216793788226,0.465,0.44404030733675676,0.755,0.2,0.465,0.335,0.8,0.6836734693877551,0.7701149425287356,0.7243243243243244,87,0.7256637168141593,0.13333333333333333,0.08695652173913043,0.10526315789473684,23,0.9265536723163842,0.2962962962962963,0.17391304347826086,0.2191780821917808,46,0.8766233766233766,0.3333333333333333,0.2647058823529412,0.29508196721311475,34,0.891566265060241,0.21212121212121213,0.7,0.32558139534883723,10,0.8631578947368421,0.0,0.12785960733890533,0.07212975553702562,0.3177153468132019,0.2871268093585968,0.21868310868740082,0.17698171734809875
ptq_int8,42,PTQ_INT8,setB,_1=macula,supplementary,200,100,0.6717089694213725,0.46,0.43527412764206136,0.3715059281907437,0.43527412764206136,0.3653395537035359,0.48791094179478933,0.46,0.46243685267385326,0.805,0.225,0.46,0.315,0.775,0.7283950617283951,0.6781609195402298,0.7023809523809523,87,0.8053097345132744,0.3333333333333333,0.21739130434782608,0.2631578947368421,23,0.943502824858757,0.3783783783783784,0.30434782608695654,0.3373493975903614,46,0.8506493506493507,0.20689655172413793,0.17647058823529413,0.19047619047619047,34,0.8614457831325302,0.21052631578947367,0.8,0.3333333333333333,10,0.8421052631578947,0.0,0.133917897939682,0.10834349478129299,0.30117666721343994,0.2954283058643341,0.24658353626728058,0.1917668581008911
ptq_int8,123,PTQ_INT8,setB,_1=macula,supplementary,200,100,0.6540529700053898,0.485,0.39673692565481966,0.3437904201062095,0.39673692565481966,0.35171532705925196,0.4371126899416373,0.485,0.44872007891208104,0.78,0.23,0.485,0.285,0.77,0.6346153846153846,0.7586206896551724,0.6910994764397905,87,0.6637168141592921,0.14285714285714285,0.043478260869565216,0.06666666666666667,23,0.9661016949152542,0.2692307692307692,0.15217391304347827,0.19444444444444445,46,0.8766233766233766,0.4090909090909091,0.5294117647058824,0.46153846153846156,34,0.8433734939759037,0.2631578947368421,0.5,0.3448275862068966,10,0.9263157894736842,0.0,0.12917061150074005,0.06550485784071498,0.3371826112270355,0.3042154610157013,0.22486373782157898,0.15470582246780396
ptq_int8,2026,PTQ_INT8,setB,_1=macula,supplementary,200,100,0.6881326945083689,0.52,0.40848399329746893,0.3885915732246007,0.40848399329746893,0.37582008723169247,0.49734870880054366,0.52,0.49428543054212815,0.71,0.2,0.52,0.28,0.8,0.6605504587155964,0.8275862068965517,0.7346938775510204,87,0.672566371681416,0.2,0.08695652173913043,0.12121212121212122,23,0.9548022598870056,0.4666666666666667,0.30434782608695654,0.3684210526315789,46,0.8961038961038961,0.4074074074074074,0.3235294117647059,0.36065573770491804,34,0.9036144578313253,0.20833333333333334,0.5,0.29411764705882354,10,0.9,0.0,0.1220669373869896,0.040424854382872584,0.32466059923171997,0.29398611187934875,0.2109145224094391,0.14953778684139252
ptq_int8,3407,PTQ_INT8,setB,_1=macula,supplementary,200,100,0.6860456526556844,0.5,0.38699473792515504,0.34926274236619065,0.38699473792515504,0.34516555340084754,0.46383202046995153,0.5,0.4680483372836314,0.735,0.205,0.5,0.295,0.795,0.6851851851851852,0.8505747126436781,0.7589743589743589,87,0.6991150442477876,0.18181818181818182,0.08695652173913043,0.11764705882352941,23,0.9491525423728814,0.3076923076923077,0.17391304347826086,0.2222222222222222,46,0.8831168831168831,0.3793103448275862,0.3235294117647059,0.3492063492063492,34,0.891566265060241,0.19230769230769232,0.5,0.2777777777777778,10,0.8894736842105263,0.0,0.122038833796978,0.05831967695616186,0.29791712760925293,0.2832508981227875,0.20972579717636108,0.16301923990249634
ptq_int8,8888,PTQ_INT8,setB,_1=macula,supplementary,200,100,0.6582475834112878,0.52,0.4115924390745803,0.37664018334606564,0.4115924390745803,0.3636820635475158,0.48116058059587474,0.52,0.4766245189116382,0.74,0.215,0.52,0.265,0.785,0.6386554621848739,0.8735632183908046,0.7378640776699029,87,0.6194690265486725,0.1,0.043478260869565216,0.06060606060606061,23,0.9491525423728814,0.45454545454545453,0.21739130434782608,0.29411764705882354,46,0.922077922077922,0.44,0.3235294117647059,0.3728813559322034,34,0.9156626506024096,0.25,0.6,0.35294117647058826,10,0.9052631578947369,0.0,0.1239890456199646,0.042430691961199044,0.32290926575660706,0.28515711426734924,0.199248805642128,0.14475446939468384
ft_ptq_int8,42,FT_PTQ_INT8,setB,_1=macula,supplementary,200,100,0.6802329049886053,0.46,0.41070112002822123,0.343262239267405,0.41070112002822123,0.3369284036203435,0.43753212929988655,0.46,0.4329916834915499,0.79,0.225,0.46,0.315,0.775,0.6534653465346535,0.7586206896551724,0.7021276595744681,87,0.6902654867256637,0.3,0.13043478260869565,0.18181818181818182,23,0.96045197740113,0.30303030303030304,0.21739130434782608,0.25316455696202533,46,0.8506493506493507,0.21739130434782608,0.14705882352941177,0.17543859649122806,34,0.891566265060241,0.24242424242424243,0.8,0.37209302325581395,10,0.868421052631579,0.0,0.1267164796590805,0.07847265771357342,0.3115689158439636,0.29406774044036865,0.22233344614505768,0.16224627196788788
ft_ptq_int8,123,FT_PTQ_INT8,setB,_1=macula,supplementary,200,100,0.6562879094217551,0.47,0.3832272099244496,0.3035371525026697,0.3832272099244496,0.3197059573925246,0.4209518871932665,0.47,0.434201986860569,0.805,0.235,0.47,0.295,0.765,0.6476190476190476,0.7816091954022989,0.7083333333333334,87,0.672566371681416,0.0,0.0,0.0,23,0.96045197740113,0.2692307692307692,0.15217391304347827,0.19444444444444445,46,0.8766233766233766,0.3939393939393939,0.38235294117647056,0.3880597014925373,34,0.8795180722891566,0.20689655172413793,0.6,0.3076923076923077,10,0.8789473684210526,0.0,0.1336093693971634,0.06802459299564362,0.3294239938259125,0.2939378321170807,0.2206447273492813,0.1683296263217926
ft_ptq_int8,2026,FT_PTQ_INT8,setB,_1=macula,supplementary,200,100,0.673935694235036,0.52,0.43978834112355586,0.40451918451918456,0.43978834112355586,0.38502646381353306,0.4944704554704555,0.52,0.48718670768016215,0.74,0.225,0.52,0.255,0.775,0.6545454545454545,0.8275862068965517,0.7309644670050761,87,0.6637168141592921,0.2857142857142857,0.08695652173913043,0.13333333333333333,23,0.9717514124293786,0.4,0.2608695652173913,0.3157894736842105,46,0.8831168831168831,0.4230769230769231,0.3235294117647059,0.36666666666666664,34,0.9096385542168675,0.25925925925925924,0.7,0.3783783783783784,10,0.8947368421052632,0.0,0.12552569806575775,0.05477847130270675,0.3262065052986145,0.29655566811561584,0.21281875669956207,0.16259630024433136
ft_ptq_int8,3407,FT_PTQ_INT8,setB,_1=macula,supplementary,200,100,0.6654001715896556,0.485,0.39088220595584555,0.35680930833872015,0.39088220595584555,0.3387236824762153,0.4363379013143719,0.485,0.436946203499943,0.775,0.23,0.485,0.285,0.77,0.6218487394957983,0.8505747126436781,0.7184466019417476,87,0.6017699115044248,0.3333333333333333,0.13043478260869565,0.1875,23,0.9661016949152542,0.23809523809523808,0.10869565217391304,0.14925373134328357,46,0.8961038961038961,0.36,0.2647058823529412,0.3050847457627119,34,0.9036144578313253,0.23076923076923078,0.6,0.3333333333333333,10,0.8947368421052632,0.0,0.12317559868097305,0.05091566204093397,0.3148445785045624,0.284097284078598,0.19193439185619354,0.15203416347503662
ft_ptq_int8,8888,FT_PTQ_INT8,setB,_1=macula,supplementary,200,100,0.6450633084195079,0.43,0.37894817297233735,0.30907450995524,0.37894817297233735,0.3092913165266106,0.4289255189844112,0.43,0.4185491087344029,0.86,0.235,0.43,0.335,0.765,0.7045454545454546,0.7126436781609196,0.7085714285714285,87,0.7699115044247787,0.18181818181818182,0.08695652173913043,0.11764705882352941,23,0.9491525423728814,0.1935483870967742,0.13043478260869565,0.15584415584415584,46,0.8376623376623377,0.28125,0.2647058823529412,0.2727272727272727,34,0.8614457831325302,0.18421052631578946,0.7,0.2916666666666667,10,0.8368421052631579,0.0,0.1356358677148819,0.10760882164817304,0.3175620436668396,0.3056546747684479,0.2453763782978058,0.19312256574630737
qat_int8,42,QAT_INT8,setB,_1=macula,supplementary,200,100,0.6723426865369532,0.505,0.39957785812975866,0.36923256860098963,0.39957785812975866,0.3538162183112239,0.47380836707152496,0.505,0.46713360816024524,0.735,0.205,0.505,0.29,0.795,0.6324786324786325,0.8505747126436781,0.7254901960784313,87,0.6194690265486725,0.07692307692307693,0.043478260869565216,0.05555555555555555,23,0.9322033898305084,0.4230769230769231,0.2391304347826087,0.3055555555555556,46,0.9025974025974026,0.47368421052631576,0.2647058823529412,0.33962264150943394,34,0.9397590361445783,0.24,0.6,0.34285714285714286,10,0.9,0.0,0.12034272402524948,0.04168929202482104,0.3216509222984314,0.2849775552749634,0.1807028353214264,0.13708865642547607
qat_int8,123,QAT_INT8,setB,_1=macula,supplementary,200,100,0.6668076326682301,0.515,0.4141558632448482,0.40049832590374707,0.4141558632448482,0.3771555564659013,0.4768186595521061,0.515,0.4743806519668589,0.73,0.205,0.515,0.28,0.795,0.6379310344827587,0.8505747126436781,0.729064039408867,87,0.6283185840707964,0.3333333333333333,0.08695652173913043,0.13793103448275862,23,0.9774011299435028,0.39285714285714285,0.2391304347826087,0.2972972972972973,46,0.8896103896103896,0.3225806451612903,0.29411764705882354,0.3076923076923077,34,0.8734939759036144,0.3157894736842105,0.6,0.41379310344827586,10,0.9315789473684211,0.0,0.13121794164180756,0.050142739976290616,0.3389735817909241,0.2950576841831207,0.20744985342025757,0.14168015122413635
qat_int8,2026,QAT_INT8,setB,_1=macula,supplementary,200,100,0.6525767226404169,0.415,0.3925413763706382,0.3350811421887003,0.3925413763706382,0.3318898785951565,0.4812018439224108,0.415,0.43402816728043336,0.84,0.2,0.415,0.385,0.8,0.765625,0.5632183908045977,0.6490066225165563,87,0.8672566371681416,0.1,0.08695652173913043,0.09302325581395349,23,0.8983050847457628,0.37209302325581395,0.34782608695652173,0.3595505617977528,46,0.8246753246753247,0.24324324324324326,0.2647058823529412,0.2535211267605634,34,0.8313253012048193,0.19444444444444445,0.7,0.30434782608695654,10,0.8473684210526315,0.0,0.14215131103992462,0.1425215687416494,0.32895538210868835,0.319545716047287,0.26696911454200745,0.2043997198343277
qat_int8,3407,QAT_INT8,setB,_1=macula,supplementary,200,100,0.6668024138314019,0.47,0.35835317635299996,0.32975556941216483,0.35835317635299996,0.3137441993373041,0.4218059888895187,0.47,0.42512501429732247,0.78,0.22,0.47,0.31,0.78,0.6186440677966102,0.8390804597701149,0.7121951219512195,87,0.6017699115044248,0.25,0.08695652173913043,0.12903225806451613,23,0.9661016949152542,0.24,0.13043478260869565,0.16901408450704225,46,0.8766233766233766,0.34782608695652173,0.23529411764705882,0.2807017543859649,34,0.9096385542168675,0.19230769230769232,0.5,0.2777777777777778,10,0.8894736842105263,0.0,0.12385902553796768,0.06173183779465034,0.31913694739341736,0.2831059694290161,0.18560834228992462,0.14780563116073608
qat_int8,8888,QAT_INT8,setB,_1=macula,supplementary,200,100,0.7070179141165225,0.49,0.39984831113854835,0.34879174881609454,0.39984831113854835,0.3510670648188698,0.4570710013820177,0.49,0.46169839419053715,0.72,0.19,0.49,0.32,0.81,0.6509433962264151,0.7931034482758621,0.7150259067357513,87,0.672566371681416,0.1,0.043478260869565216,0.06060606060606061,23,0.9491525423728814,0.3548387096774194,0.2391304347826087,0.2857142857142857,46,0.8701298701298701,0.4074074074074074,0.3235294117647059,0.36065573770491804,34,0.9036144578313253,0.23076923076923078,0.6,0.3333333333333333,10,0.8947368421052632,0.0,0.12282425165176392,0.06017446815734729,0.3240152597427368,0.2814754247665405,0.20384421944618225,0.16258031129837036
teacher,-,FP32,setB,_1=disc,supplementary,200,100,0.7744398800372994,0.6,0.4570361877884587,0.4947559523809524,0.4570361877884587,0.4272337756659179,0.5794465773809524,0.6,0.548283381576846,0.555,0.145,0.6,0.255,0.855,0.671875,0.9885057471264368,0.8,87,0.6283185840707964,0.4,0.08695652173913043,0.14285714285714285,23,0.9830508474576272,0.5238095238095238,0.2391304347826087,0.3283582089552239,46,0.935064935064935,0.64,0.47058823529411764,0.5423728813559322,34,0.9457831325301205,0.23809523809523808,0.5,0.3225806451612903,10,0.9157894736842105,0.0,0.09923917800188065,0.04588635183870793,0.2533811330795288,0.1869736611843109,0.1442905068397522,0.13288994133472443
best_fp32,42,FP32,setB,_1=disc,supplementary,200,100,0.6658516707416463,0.475,0.4524067378075668,0.4132859078590786,0.4524067378075668,0.3886031264113243,0.5090287940379404,0.475,0.47681672686806076,0.795,0.225,0.475,0.3,0.775,0.7317073170731707,0.6896551724137931,0.7100591715976331,87,0.8053097345132744,0.5,0.21739130434782608,0.30303030303030304,23,0.9717514124293786,0.3,0.2608695652173913,0.27906976744186046,46,0.8181818181818182,0.3125,0.29411764705882354,0.30303030303030304,34,0.8674698795180723,0.2222222222222222,0.8,0.34782608695652173,10,0.8526315789473684,0.0,0.13283853232860565,0.10787037727423013,0.3040522634983063,0.29341691732406616,0.24289096891880035,0.19145511090755463
best_fp32,123,FP32,setB,_1=disc,supplementary,200,100,0.6833478993299642,0.475,0.3644577711144428,0.31079887144331886,0.3644577711144428,0.324894359226416,0.4232732436253718,0.475,0.43803804140591707,0.75,0.2,0.475,0.325,0.8,0.6320754716981132,0.7701149425287356,0.694300518134715,87,0.6548672566371682,0.0,0.0,0.0,23,0.943502824858757,0.30434782608695654,0.15217391304347827,0.2028985507246377,46,0.8961038961038961,0.3953488372093023,0.5,0.44155844155844154,34,0.8433734939759037,0.2222222222222222,0.4,0.2857142857142857,10,0.9263157894736842,0.0,0.1313098967075348,0.06100652018096298,0.3379698693752289,0.29734668135643005,0.21955257654190063,0.157094806432724
best_fp32,2026,FP32,setB,_1=disc,supplementary,200,100,0.6898817972542611,0.535,0.45564511861716206,0.45277504105090316,0.45564511861716206,0.4038187422579437,0.5410730706075534,0.535,0.5123008311007404,0.71,0.2,0.535,0.265,0.8,0.6857142857142857,0.8275862068965517,0.75,87,0.7079646017699115,0.5,0.13043478260869565,0.20689655172413793,23,0.9830508474576272,0.5,0.32608695652173914,0.39473684210526316,46,0.9025974025974026,0.3448275862068966,0.29411764705882354,0.31746031746031744,34,0.8855421686746988,0.23333333333333334,0.7,0.35,10,0.8789473684210526,0.0,0.12527266144752502,0.06623164954129607,0.3208599090576172,0.29308152198791504,0.22262261807918549,0.16656963527202606
best_fp32,3407,FP32,setB,_1=disc,supplementary,200,100,0.6892024025701913,0.475,0.389143075521063,0.3109154704944178,0.389143075521063,0.3106108401626083,0.41441257689678745,0.475,0.4235713372436203,0.775,0.225,0.475,0.3,0.775,0.6491228070175439,0.8505747126436781,0.736318407960199,87,0.6460176991150443,0.14285714285714285,0.043478260869565216,0.06666666666666667,23,0.9661016949152542,0.19047619047619047,0.08695652173913043,0.11940298507462686,46,0.8896103896103896,0.36,0.2647058823529412,0.3050847457627119,34,0.9036144578313253,0.21212121212121213,0.7,0.32558139534883723,10,0.8631578947368421,0.0,0.1227186843752861,0.053475146573036904,0.2909899652004242,0.27168896794319153,0.19634756445884705,0.1686919629573822
best_fp32,8888,FP32,setB,_1=disc,supplementary,200,100,0.6554563303565775,0.52,0.43517594144104416,0.39985627021200143,0.43517594144104416,0.3846997631524486,0.4784818541142652,0.52,0.47463393224422634,0.74,0.22,0.52,0.26,0.78,0.6198347107438017,0.8620689655172413,0.7211538461538461,87,0.5929203539823009,0.18181818181818182,0.08695652173913043,0.11764705882352941,23,0.9491525423728814,0.34782608695652173,0.17391304347826086,0.2318840579710145,46,0.9025974025974026,0.5454545454545454,0.35294117647058826,0.42857142857142855,34,0.9397590361445783,0.30434782608695654,0.7,0.42424242424242425,10,0.9157894736842105,0.0,0.1289195865392685,0.04863974394742399,0.3342859745025635,0.28043538331985474,0.1854596734046936,0.13895650207996368
csd_fp32,42,FP32,setB,_1=disc,supplementary,200,100,0.6658516707416463,0.475,0.4524067378075668,0.4132859078590786,0.4524067378075668,0.3886031264113243,0.5090287940379404,0.475,0.47681672686806076,0.795,0.225,0.475,0.3,0.775,0.7317073170731707,0.6896551724137931,0.7100591715976331,87,0.8053097345132744,0.5,0.21739130434782608,0.30303030303030304,23,0.9717514124293786,0.3,0.2608695652173913,0.27906976744186046,46,0.8181818181818182,0.3125,0.29411764705882354,0.30303030303030304,34,0.8674698795180723,0.2222222222222222,0.8,0.34782608695652173,10,0.8526315789473684,0.0,0.13283853232860565,0.10787037727423013,0.3040522634983063,0.29341691732406616,0.24289096891880035,0.19145511090755463
csd_fp32,123,FP32,setB,_1=disc,supplementary,200,100,0.6833478993299642,0.475,0.3644577711144428,0.31079887144331886,0.3644577711144428,0.324894359226416,0.4232732436253718,0.475,0.43803804140591707,0.75,0.2,0.475,0.325,0.8,0.6320754716981132,0.7701149425287356,0.694300518134715,87,0.6548672566371682,0.0,0.0,0.0,23,0.943502824858757,0.30434782608695654,0.15217391304347827,0.2028985507246377,46,0.8961038961038961,0.3953488372093023,0.5,0.44155844155844154,34,0.8433734939759037,0.2222222222222222,0.4,0.2857142857142857,10,0.9263157894736842,0.0,0.1313098967075348,0.06100652018096298,0.3379698693752289,0.29734668135643005,0.21955257654190063,0.157094806432724
csd_fp32,2026,FP32,setB,_1=disc,supplementary,200,100,0.6898817972542611,0.535,0.45564511861716206,0.45277504105090316,0.45564511861716206,0.4038187422579437,0.5410730706075534,0.535,0.5123008311007404,0.71,0.2,0.535,0.265,0.8,0.6857142857142857,0.8275862068965517,0.75,87,0.7079646017699115,0.5,0.13043478260869565,0.20689655172413793,23,0.9830508474576272,0.5,0.32608695652173914,0.39473684210526316,46,0.9025974025974026,0.3448275862068966,0.29411764705882354,0.31746031746031744,34,0.8855421686746988,0.23333333333333334,0.7,0.35,10,0.8789473684210526,0.0,0.12527266144752502,0.06623164954129607,0.3208599090576172,0.29308152198791504,0.22262261807918549,0.16656963527202606
csd_fp32,3407,FP32,setB,_1=disc,supplementary,200,100,0.6892024025701913,0.475,0.389143075521063,0.3109154704944178,0.389143075521063,0.3106108401626083,0.41441257689678745,0.475,0.4235713372436203,0.775,0.225,0.475,0.3,0.775,0.6491228070175439,0.8505747126436781,0.736318407960199,87,0.6460176991150443,0.14285714285714285,0.043478260869565216,0.06666666666666667,23,0.9661016949152542,0.19047619047619047,0.08695652173913043,0.11940298507462686,46,0.8896103896103896,0.36,0.2647058823529412,0.3050847457627119,34,0.9036144578313253,0.21212121212121213,0.7,0.32558139534883723,10,0.8631578947368421,0.0,0.1227186843752861,0.053475146573036904,0.2909899652004242,0.27168896794319153,0.19634756445884705,0.1686919629573822
csd_fp32,8888,FP32,setB,_1=disc,supplementary,200,100,0.6554563303565775,0.52,0.43517594144104416,0.39985627021200143,0.43517594144104416,0.3846997631524486,0.4784818541142652,0.52,0.47463393224422634,0.74,0.22,0.52,0.26,0.78,0.6198347107438017,0.8620689655172413,0.7211538461538461,87,0.5929203539823009,0.18181818181818182,0.08695652173913043,0.11764705882352941,23,0.9491525423728814,0.34782608695652173,0.17391304347826086,0.2318840579710145,46,0.9025974025974026,0.5454545454545454,0.35294117647058826,0.42857142857142855,34,0.9397590361445783,0.30434782608695654,0.7,0.42424242424242425,10,0.9157894736842105,0.0,0.1289195865392685,0.04863974394742399,0.3342859745025635,0.28043538331985474,0.1854596734046936,0.13895650207996368
fp32_ft_control,42,FP32,setB,_1=disc,supplementary,200,100,0.6932700551872382,0.46,0.3809765705382603,0.3045201823051608,0.3809765705382603,0.3124154899443731,0.42405408355729973,0.46,0.42828589002995293,0.76,0.19,0.46,0.35,0.81,0.6476190476190476,0.7816091954022989,0.7083333333333334,87,0.672566371681416,0.0,0.0,0.0,23,0.9322033898305084,0.3448275862068966,0.21739130434782608,0.26666666666666666,46,0.8766233766233766,0.30434782608695654,0.20588235294117646,0.24561403508771928,34,0.9036144578313253,0.22580645161290322,0.7,0.34146341463414637,10,0.8736842105263158,0.0,0.12361219525337219,0.06286037037731149,0.3122560381889343,0.2822479009628296,0.20632821321487427,0.16065223515033722
fp32_ft_control,123,FP32,setB,_1=disc,supplementary,200,100,0.6434035541955985,0.445,0.37378193256313025,0.3024234693877551,0.37378193256313025,0.31322803322803316,0.4193558673469388,0.445,0.4225527085527086,0.845,0.25,0.445,0.305,0.75,0.6326530612244898,0.7126436781609196,0.6702702702702703,87,0.6814159292035398,0.0,0.0,0.0,23,0.943502824858757,0.2857142857142857,0.17391304347826086,0.21621621621621623,46,0.8701298701298701,0.40625,0.38235294117647056,0.3939393939393939,34,0.8855421686746988,0.1875,0.6,0.2857142857142857,10,0.8631578947368421,0.0,0.1414441466331482,0.08496210155077279,0.33634209632873535,0.29976046085357666,0.23105110228061676,0.18178093433380127
fp32_ft_control,2026,FP32,setB,_1=disc,supplementary,200,100,0.7095872508803136,0.515,0.4623123732251521,0.4166667258340631,0.4623123732251521,0.4103178920526987,0.5219395984703256,0.515,0.5067273126505171,0.7,0.185,0.515,0.3,0.815,0.7021276595744681,0.7586206896551724,0.7292817679558011,87,0.7522123893805309,0.3125,0.21739130434782608,0.2564102564102564,23,0.9378531073446328,0.4482758620689655,0.2826086956521739,0.3466666666666667,46,0.8961038961038961,0.3870967741935484,0.35294117647058826,0.36923076923076925,34,0.8855421686746988,0.23333333333333334,0.7,0.35,10,0.8789473684210526,0.0,0.1246492937207222,0.09200385895790535,0.3249150216579437,0.2993793785572052,0.23138180375099182,0.17673000693321228
fp32_ft_control,3407,FP32,setB,_1=disc,supplementary,200,100,0.6778510771854607,0.49,0.395525178587177,0.3160080122540356,0.395525178587177,0.31503997061619565,0.4061555909037351,0.49,0.42259801443263334,0.77,0.23,0.49,0.28,0.77,0.6341463414634146,0.896551724137931,0.7428571428571429,87,0.6017699115044248,0.16666666666666666,0.043478260869565216,0.06896551724137931,23,0.9717514124293786,0.1111111111111111,0.043478260869565216,0.0625,46,0.8961038961038961,0.43478260869565216,0.29411764705882354,0.3508771929824561,34,0.9216867469879518,0.23333333333333334,0.7,0.35,10,0.8789473684210526,0.0,0.12604250013828278,0.06771276035346091,0.30527710914611816,0.27278003096580505,0.1847389191389084,0.15584643185138702
fp32_ft_control,8888,FP32,setB,_1=disc,supplementary,200,100,0.6853703132049486,0.485,0.41294588000117594,0.3770777077707771,0.41294588000117594,0.3510923361891061,0.4751440144014401,0.485,0.46103561469165855,0.765,0.22,0.485,0.295,0.78,0.6732673267326733,0.7816091954022989,0.723404255319149,87,0.7079646017699115,0.3333333333333333,0.08695652173913043,0.13793103448275862,23,0.9774011299435028,0.3333333333333333,0.2608695652173913,0.2926829268292683,46,0.8441558441558441,0.3333333333333333,0.23529411764705882,0.27586206896551724,34,0.9036144578313253,0.21212121212121213,0.7,0.32558139534883723,10,0.8631578947368421,0.0,0.12885528802871704,0.06927535899914801,0.31915026903152466,0.287235289812088,0.2206309735774994,0.1755005270242691
ptq_int8,42,PTQ_INT8,setB,_1=disc,supplementary,200,100,0.6765975267854027,0.48,0.4493376840991269,0.39242143298625964,0.4493376840991269,0.3804150214847262,0.5072787999809824,0.48,0.48101598568120285,0.78,0.22,0.48,0.3,0.78,0.7317073170731707,0.6896551724137931,0.7100591715976331,87,0.8053097345132744,0.3333333333333333,0.17391304347826086,0.22857142857142856,23,0.9548022598870056,0.3902439024390244,0.34782608695652173,0.367816091954023,46,0.8376623376623377,0.2962962962962963,0.23529411764705882,0.26229508196721313,34,0.8855421686746988,0.21052631578947367,0.8,0.3333333333333333,10,0.8421052631578947,0.0,0.133906289935112,0.10853117068414576,0.3026648759841919,0.29613950848579407,0.2486525923013687,0.19272254407405853
ptq_int8,123,PTQ_INT8,setB,_1=disc,supplementary,200,100,0.6591360508476749,0.48,0.37315342328835577,0.33181058072362424,0.37315342328835577,0.3391970136913965,0.43602101702645185,0.48,0.4462492340069334,0.76,0.2,0.48,0.32,0.8,0.6442307692307693,0.7701149425287356,0.7015706806282722,87,0.672566371681416,0.09090909090909091,0.043478260869565216,0.058823529411764705,23,0.943502824858757,0.30434782608695654,0.15217391304347827,0.2028985507246377,46,0.8961038961038961,0.3695652173913043,0.5,0.425,34,0.8253012048192772,0.25,0.4,0.3076923076923077,10,0.9368421052631579,0.0,0.13111387193202972,0.06705480404198169,0.33929863572120667,0.3064352869987488,0.22697488963603973,0.15653827786445618
ptq_int8,2026,PTQ_INT8,setB,_1=disc,supplementary,200,100,0.6906700062617408,0.525,0.42490049093100507,0.4014407524477681,0.42490049093100507,0.38201429724432145,0.49889330043944186,0.525,0.4946339213651562,0.705,0.2,0.525,0.275,0.8,0.6697247706422018,0.8390804597701149,0.7448979591836735,87,0.6814159292035398,0.2857142857142857,0.08695652173913043,0.13333333333333333,23,0.9717514124293786,0.4117647058823529,0.30434782608695654,0.35,46,0.8701298701298701,0.4,0.29411764705882354,0.3389830508474576,34,0.9096385542168675,0.24,0.6,0.34285714285714286,10,0.9,0.0,0.12234114855527878,0.0450266119162552,0.32498425245285034,0.29419654607772827,0.2122044563293457,0.14974559843540192
ptq_int8,3407,PTQ_INT8,setB,_1=disc,supplementary,200,100,0.6806387225548902,0.495,0.4203480612634859,0.3532542170473205,0.4203480612634859,0.35551380621775996,0.4522715869698628,0.495,0.45742467911127505,0.75,0.21,0.495,0.295,0.79,0.6759259259259259,0.8390804597701149,0.7487179487179487,87,0.6902654867256637,0.21428571428571427,0.13043478260869565,0.16216216216216217,23,0.9378531073446328,0.22727272727272727,0.10869565217391304,0.14705882352941177,46,0.8896103896103896,0.4074074074074074,0.3235294117647059,0.36065573770491804,34,0.9036144578313253,0.2413793103448276,0.7,0.358974358974359,10,0.8842105263157894,0.0,0.1218838319182396,0.05684660742408596,0.29843199253082275,0.2823064625263214,0.20637579262256622,0.16261933743953705
ptq_int8,8888,PTQ_INT8,setB,_1=disc,supplementary,200,100,0.6682392713878447,0.515,0.4170144339594909,0.35044289413498253,0.4170144339594909,0.35652612227954694,0.44865891031963734,0.515,0.46130374192018025,0.725,0.195,0.515,0.29,0.805,0.6229508196721312,0.8735632183908046,0.7272727272727273,87,0.5929203539823009,0.0,0.0,0.0,23,0.9661016949152542,0.37037037037037035,0.21739130434782608,0.273972602739726,46,0.8896103896103896,0.45454545454545453,0.29411764705882354,0.35714285714285715,34,0.927710843373494,0.30434782608695654,0.7,0.42424242424242425,10,0.9157894736842105,0.0,0.12346029281616211,0.04338998875813558,0.3252886235713959,0.28413915634155273,0.19779638946056366,0.14151416718959808
ft_ptq_int8,42,FT_PTQ_INT8,setB,_1=disc,supplementary,200,100,0.6719927645462768,0.48,0.4188282329423524,0.3838314176245211,0.4188282329423524,0.36406547886811047,0.46551340996168583,0.48,0.45594814359617,0.78,0.23,0.48,0.29,0.77,0.6666666666666666,0.7816091954022989,0.7195767195767195,87,0.6991150442477876,0.4444444444444444,0.17391304347826086,0.25,23,0.9717514124293786,0.26666666666666666,0.17391304347826086,0.21052631578947367,46,0.8571428571428571,0.3,0.2647058823529412,0.28125,34,0.8734939759036144,0.2413793103448276,0.7,0.358974358974359,10,0.8842105263157894,0.0,0.12763375043869019,0.07021768970880657,0.31346678733825684,0.29486504197120667,0.2243935614824295,0.16312094032764435
ft_ptq_int8,123,FT_PTQ_INT8,setB,_1=disc,supplementary,200,100,0.6504052121404735,0.475,0.35729076638151513,0.29781679672984024,0.35729076638151513,0.31221509084522786,0.41908026755852845,0.475,0.43583037966599614,0.8,0.24,0.475,0.285,0.76,0.6388888888888888,0.7931034482758621,0.7076923076923077,87,0.6548672566371682,0.0,0.0,0.0,23,0.9661016949152542,0.2916666666666667,0.15217391304347827,0.2,46,0.8896103896103896,0.38461538461538464,0.4411764705882353,0.410958904109589,34,0.8554216867469879,0.17391304347826086,0.4,0.24242424242424243,10,0.9,0.0,0.13476134836673737,0.06933403488248588,0.3313468098640442,0.2954162657260895,0.2239941954612732,0.16937141120433807
ft_ptq_int8,2026,FT_PTQ_INT8,setB,_1=disc,supplementary,200,100,0.6890798477225711,0.525,0.44208719169826854,0.40790024583128026,0.44208719169826854,0.38715042315042314,0.4989966776173673,0.525,0.4909431613431614,0.72,0.215,0.525,0.26,0.785,0.6576576576576577,0.8390804597701149,0.7373737373737373,87,0.6637168141592921,0.2857142857142857,0.08695652173913043,0.13333333333333333,23,0.9717514124293786,0.41379310344827586,0.2608695652173913,0.32,46,0.8896103896103896,0.4230769230769231,0.3235294117647059,0.36666666666666664,34,0.9096385542168675,0.25925925925925924,0.7,0.3783783783783784,10,0.8947368421052632,0.0,0.12368816137313843,0.05253612100146711,0.32457104325294495,0.295099139213562,0.21218019723892212,0.16133998334407806
ft_ptq_int8,3407,FT_PTQ_INT8,setB,_1=disc,supplementary,200,100,0.6718731081244702,0.47,0.3734909016080195,0.31889579020013803,0.3734909016080195,0.31249277673762804,0.4055415804002761,0.47,0.41577226787324034,0.785,0.23,0.47,0.3,0.77,0.6166666666666667,0.8505747126436781,0.714975845410628,87,0.5929203539823009,0.2222222222222222,0.08695652173913043,0.125,23,0.96045197740113,0.15,0.06521739130434782,0.09090909090909091,46,0.8896103896103896,0.391304347826087,0.2647058823529412,0.3157894736842105,34,0.9156626506024096,0.21428571428571427,0.6,0.3157894736842105,10,0.8842105263157894,0.0,0.12439890205860138,0.06398475009715185,0.31756436824798584,0.2848502993583679,0.1899612843990326,0.15107612311840057
ft_ptq_int8,8888,FT_PTQ_INT8,setB,_1=disc,supplementary,200,100,0.6535069298614028,0.44,0.39787988358761794,0.3211523469950436,0.39787988358761794,0.3293740067077768,0.4305722392801045,0.44,0.4251985750601866,0.835,0.23,0.44,0.33,0.77,0.6741573033707865,0.6896551724137931,0.6818181818181818,87,0.7433628318584071,0.15384615384615385,0.08695652173913043,0.1111111111111111,23,0.9378531073446328,0.21428571428571427,0.13043478260869565,0.16216216216216217,46,0.8571428571428571,0.35135135135135137,0.38235294117647056,0.36619718309859156,34,0.8554216867469879,0.21212121212121213,0.7,0.32558139534883723,10,0.8631578947368421,0.0,0.13569658994674683,0.10551330742426217,0.3192606270313263,0.3062015473842621,0.24501900374889374,0.190216526389122
qat_int8,42,QAT_INT8,setB,_1=disc,supplementary,200,100,0.6948835301206364,0.51,0.3990634094717347,0.3613377377245443,0.3990634094717347,0.3543489077971837,0.47255355152094275,0.51,0.4717063492063492,0.71,0.2,0.51,0.29,0.8,0.646551724137931,0.8620689655172413,0.7389162561576355,87,0.6371681415929203,0.0,0.0,0.0,23,0.9209039548022598,0.4230769230769231,0.2391304347826087,0.3055555555555556,46,0.9025974025974026,0.47619047619047616,0.29411764705882354,0.36363636363636365,34,0.9337349397590361,0.2608695652173913,0.6,0.36363636363636365,10,0.9105263157894737,0.0,0.12054970860481262,0.03824086057487875,0.32190877199172974,0.2858855724334717,0.18331153690814972,0.13819560408592224
qat_int8,123,QAT_INT8,setB,_1=disc,supplementary,200,100,0.652702409377035,0.48,0.33241673281006556,0.30988066014839466,0.33241673281006556,0.3055891046891504,0.4272979318355176,0.48,0.4390543082842547,0.77,0.21,0.48,0.31,0.79,0.6434782608695652,0.8505747126436781,0.7326732673267327,87,0.6371681415929203,0.125,0.043478260869565216,0.06451612903225806,23,0.96045197740113,0.32,0.17391304347826086,0.22535211267605634,46,0.8896103896103896,0.30303030303030304,0.29411764705882354,0.29850746268656714,34,0.8614457831325302,0.15789473684210525,0.3,0.20689655172413793,10,0.9157894736842105,0.0,0.1335800588130951,0.040693060467019676,0.3418072760105133,0.2970263361930847,0.21002086997032166,0.14433260262012482
qat_int8,2026,QAT_INT8,setB,_1=disc,supplementary,200,100,0.6720727143111744,0.445,0.4135014845518417,0.3539605892108087,0.4135014845518417,0.3530713730713731,0.5013561115988684,0.445,0.46077883227883226,0.8,0.205,0.445,0.35,0.795,0.7910447761194029,0.6091954022988506,0.6883116883116883,87,0.8761061946902655,0.11764705882352941,0.08695652173913043,0.1,23,0.9152542372881356,0.35555555555555557,0.34782608695652173,0.3516483516483517,46,0.8116883116883117,0.3055555555555556,0.3235294117647059,0.3142857142857143,34,0.8493975903614458,0.2,0.7,0.3111111111111111,10,0.8526315789473684,0.0,0.14183485507965088,0.14339021531515755,0.326419860124588,0.3190732002258301,0.2708227336406708,0.20433391630649567
qat_int8,3407,QAT_INT8,setB,_1=disc,supplementary,200,100,0.6613431763086406,0.49,0.3857641767351618,0.36334973786009594,0.3857641767351618,0.3315018295064235,0.45317952703975883,0.49,0.44166237723792906,0.78,0.24,0.49,0.27,0.76,0.6147540983606558,0.8620689655172413,0.7177033492822966,87,0.584070796460177,0.25,0.08695652173913043,0.12903225806451613,23,0.9661016949152542,0.3333333333333333,0.17391304347826086,0.22857142857142856,46,0.8961038961038961,0.4117647058823529,0.20588235294117646,0.27450980392156865,34,0.9397590361445783,0.20689655172413793,0.6,0.3076923076923077,10,0.8789473684210526,0.0,0.1255243569612503,0.07046512428671121,0.32346752285957336,0.28333061933517456,0.18265719711780548,0.1458241194486618
qat_int8,8888,QAT_INT8,setB,_1=disc,supplementary,200,100,0.6946092977250248,0.49,0.40266161037128495,0.36154609279609284,0.40266161037128495,0.3559342121842122,0.4644153693528694,0.49,0.46435032169407164,0.735,0.2,0.49,0.31,0.8,0.6571428571428571,0.7931034482758621,0.71875,87,0.6814159292035398,0.2,0.08695652173913043,0.12121212121212122,23,0.9548022598870056,0.34375,0.2391304347826087,0.28205128205128205,46,0.8636363636363636,0.38461538461538464,0.29411764705882354,0.3333333333333333,34,0.9036144578313253,0.2222222222222222,0.6,0.32432432432432434,10,0.8894736842105263,0.0,0.12350782752037048,0.05876645684242249,0.32602134346961975,0.2823362350463867,0.20488090813159943,0.16108936071395874
teacher,-,FP32,setA,_1=macula,supplementary,597,299,0.7703372670450511,0.576214405360134,0.4370539277889902,0.403578635915281,0.4370539277889902,0.3959537499258901,0.5122709484572638,0.576214405360134,0.5211857199623594,0.5812395309882747,0.1323283082077052,0.576214405360134,0.2914572864321608,0.8676716917922948,0.6857923497267759,0.9400749063670412,0.7930489731437599,267,0.6515151515151515,0.04,0.014285714285714285,0.021052631578947368,70,0.9544592030360531,0.425531914893617,0.17094017094017094,0.24390243902439024,117,0.94375,0.5483870967741935,0.4766355140186916,0.51,107,0.9142857142857143,0.3181818181818182,0.5833333333333334,0.4117647058823529,36,0.9197860962566845,0.0,0.10180743783712387,0.03479348670947092,0.2654941976070404,0.198039248585701,0.1515510529279709,0.1306474357843399
best_fp32,42,FP32,setA,_1=macula,supplementary,597,299,0.6492052548215783,0.45896147403685095,0.4153677575414423,0.350241616712205,0.4153677575414423,0.3504308798365095,0.47195731938563756,0.45896147403685095,0.4542606564140019,0.8274706867671692,0.21105527638190955,0.45896147403685095,0.32998324958123953,0.7889447236180904,0.7103174603174603,0.6704119850187266,0.6897880539499036,267,0.7787878787878788,0.16216216216216217,0.08571428571428572,0.11214953271028037,70,0.9411764705882353,0.3434343434343434,0.2905982905982906,0.3148148148148148,117,0.8645833333333334,0.3,0.2523364485981308,0.27411167512690354,107,0.8714285714285714,0.23529411764705882,0.7777777777777778,0.36129032258064514,36,0.8377896613190731,0.0,0.14413923025131226,0.10916542452939443,0.32051634788513184,0.29150131344795227,0.2477119415998459,0.19860029220581055
best_fp32,123,FP32,setA,_1=macula,supplementary,597,299,0.6511994667797063,0.507537688442211,0.4247822616204429,0.3967720533434819,0.4247822616204429,0.3984399647862579,0.4852759922537381,0.507537688442211,0.4903040672634839,0.7537688442211056,0.20770519262981574,0.507537688442211,0.2847571189279732,0.7922948073701842,0.66,0.7415730337078652,0.6984126984126984,267,0.6909090909090909,0.22857142857142856,0.11428571428571428,0.1523809523809524,70,0.9487666034155597,0.32323232323232326,0.27350427350427353,0.2962962962962963,117,0.8604166666666667,0.4489795918367347,0.411214953271028,0.4292682926829268,107,0.889795918367347,0.3230769230769231,0.5833333333333334,0.4158415841584158,36,0.9215686274509803,0.0,0.13206110894680023,0.050228555856812344,0.3421471416950226,0.30542317032814026,0.2250576615333557,0.15273872017860413
best_fp32,2026,FP32,setA,_1=macula,supplementary,597,299,0.6549176064270866,0.46063651591289784,0.3707046265599242,0.31981439149525215,0.3707046265599242,0.32716556835435295,0.438463662311949,0.46063651591289784,0.4423803091563739,0.8056951423785594,0.20770519262981574,0.46063651591289784,0.3316582914572864,0.7922948073701842,0.6735395189003437,0.7340823970037453,0.7025089605734767,267,0.7121212121212122,0.09090909090909091,0.04285714285714286,0.05825242718446602,70,0.9430740037950665,0.2826086956521739,0.2222222222222222,0.24880382775119617,117,0.8625,0.31868131868131866,0.27102803738317754,0.29292929292929293,107,0.8734693877551021,0.23333333333333334,0.5833333333333334,0.3333333333333333,36,0.8770053475935828,0.0,0.13621453940868378,0.07084196687081651,0.33368179202079773,0.29791849851608276,0.2358667552471161,0.1741800308227539
best_fp32,3407,FP32,setA,_1=macula,supplementary,597,299,0.7006765655584712,0.5276381909547738,0.4215105501916381,0.3810397246194005,0.4215105501916381,0.3759154023720834,0.49386942821066004,0.5276381909547738,0.4970671400748961,0.7018425460636516,0.18090452261306533,0.5276381909547738,0.2914572864321608,0.8190954773869347,0.6978193146417445,0.8389513108614233,0.7619047619047619,267,0.706060606060606,0.16,0.05714285714285714,0.08421052631578947,70,0.9601518026565465,0.38095238095238093,0.27350427350427353,0.31840796019900497,117,0.8916666666666667,0.4050632911392405,0.29906542056074764,0.34408602150537637,107,0.9040816326530612,0.26136363636363635,0.6388888888888888,0.3709677419354839,36,0.8841354723707665,0.0,0.12193848937749863,0.03898327406090208,0.29422086477279663,0.26588916778564453,0.20160718262195587,0.16329629719257355
best_fp32,8888,FP32,setA,_1=macula,supplementary,597,299,0.6727541386026399,0.5175879396984925,0.3937499995191899,0.359995870470711,0.3937499995191899,0.3463695493846303,0.46652645616612637,0.5175879396984925,0.46797347527838684,0.7336683417085427,0.18760469011725292,0.5175879396984925,0.2948073701842546,0.8123953098827471,0.6456043956043956,0.8801498127340824,0.7448494453248812,267,0.6090909090909091,0.07407407407407407,0.02857142857142857,0.041237113402061855,70,0.952561669829222,0.41818181818181815,0.19658119658119658,0.26744186046511625,117,0.9333333333333333,0.39705882352941174,0.2523364485981308,0.30857142857142855,107,0.9163265306122449,0.26506024096385544,0.6111111111111112,0.3697478991596639,36,0.8912655971479501,0.0,0.12883077561855316,0.041004878592051854,0.327058345079422,0.2680181860923767,0.18989674746990204,0.143690288066864
csd_fp32,42,FP32,setA,_1=macula,supplementary,597,299,0.6492052548215783,0.45896147403685095,0.4153677575414423,0.350241616712205,0.4153677575414423,0.3504308798365095,0.47195731938563756,0.45896147403685095,0.4542606564140019,0.8274706867671692,0.21105527638190955,0.45896147403685095,0.32998324958123953,0.7889447236180904,0.7103174603174603,0.6704119850187266,0.6897880539499036,267,0.7787878787878788,0.16216216216216217,0.08571428571428572,0.11214953271028037,70,0.9411764705882353,0.3434343434343434,0.2905982905982906,0.3148148148148148,117,0.8645833333333334,0.3,0.2523364485981308,0.27411167512690354,107,0.8714285714285714,0.23529411764705882,0.7777777777777778,0.36129032258064514,36,0.8377896613190731,0.0,0.14413923025131226,0.10916542452939443,0.32051634788513184,0.29150131344795227,0.2477119415998459,0.19860029220581055
csd_fp32,123,FP32,setA,_1=macula,supplementary,597,299,0.6511994667797063,0.507537688442211,0.4247822616204429,0.3967720533434819,0.4247822616204429,0.3984399647862579,0.4852759922537381,0.507537688442211,0.4903040672634839,0.7537688442211056,0.20770519262981574,0.507537688442211,0.2847571189279732,0.7922948073701842,0.66,0.7415730337078652,0.6984126984126984,267,0.6909090909090909,0.22857142857142856,0.11428571428571428,0.1523809523809524,70,0.9487666034155597,0.32323232323232326,0.27350427350427353,0.2962962962962963,117,0.8604166666666667,0.4489795918367347,0.411214953271028,0.4292682926829268,107,0.889795918367347,0.3230769230769231,0.5833333333333334,0.4158415841584158,36,0.9215686274509803,0.0,0.13206110894680023,0.050228555856812344,0.3421471416950226,0.30542317032814026,0.2250576615333557,0.15273872017860413
csd_fp32,2026,FP32,setA,_1=macula,supplementary,597,299,0.6549176064270866,0.46063651591289784,0.3707046265599242,0.31981439149525215,0.3707046265599242,0.32716556835435295,0.438463662311949,0.46063651591289784,0.4423803091563739,0.8056951423785594,0.20770519262981574,0.46063651591289784,0.3316582914572864,0.7922948073701842,0.6735395189003437,0.7340823970037453,0.7025089605734767,267,0.7121212121212122,0.09090909090909091,0.04285714285714286,0.05825242718446602,70,0.9430740037950665,0.2826086956521739,0.2222222222222222,0.24880382775119617,117,0.8625,0.31868131868131866,0.27102803738317754,0.29292929292929293,107,0.8734693877551021,0.23333333333333334,0.5833333333333334,0.3333333333333333,36,0.8770053475935828,0.0,0.13621453940868378,0.07084196687081651,0.33368179202079773,0.29791849851608276,0.2358667552471161,0.1741800308227539
csd_fp32,3407,FP32,setA,_1=macula,supplementary,597,299,0.7006765655584712,0.5276381909547738,0.4215105501916381,0.3810397246194005,0.4215105501916381,0.3759154023720834,0.49386942821066004,0.5276381909547738,0.4970671400748961,0.7018425460636516,0.18090452261306533,0.5276381909547738,0.2914572864321608,0.8190954773869347,0.6978193146417445,0.8389513108614233,0.7619047619047619,267,0.706060606060606,0.16,0.05714285714285714,0.08421052631578947,70,0.9601518026565465,0.38095238095238093,0.27350427350427353,0.31840796019900497,117,0.8916666666666667,0.4050632911392405,0.29906542056074764,0.34408602150537637,107,0.9040816326530612,0.26136363636363635,0.6388888888888888,0.3709677419354839,36,0.8841354723707665,0.0,0.12193848937749863,0.03898327406090208,0.29422086477279663,0.26588916778564453,0.20160718262195587,0.16329629719257355
csd_fp32,8888,FP32,setA,_1=macula,supplementary,597,299,0.6727541386026399,0.5175879396984925,0.3937499995191899,0.359995870470711,0.3937499995191899,0.3463695493846303,0.46652645616612637,0.5175879396984925,0.46797347527838684,0.7336683417085427,0.18760469011725292,0.5175879396984925,0.2948073701842546,0.8123953098827471,0.6456043956043956,0.8801498127340824,0.7448494453248812,267,0.6090909090909091,0.07407407407407407,0.02857142857142857,0.041237113402061855,70,0.952561669829222,0.41818181818181815,0.19658119658119658,0.26744186046511625,117,0.9333333333333333,0.39705882352941174,0.2523364485981308,0.30857142857142855,107,0.9163265306122449,0.26506024096385544,0.6111111111111112,0.3697478991596639,36,0.8912655971479501,0.0,0.12883077561855316,0.041004878592051854,0.327058345079422,0.2680181860923767,0.18989674746990204,0.143690288066864
fp32_ft_control,42,FP32,setA,_1=macula,supplementary,597,299,0.6740946966721864,0.5108877721943048,0.42301491780647504,0.3811988952425409,0.42301491780647504,0.37554232740255783,0.4907088769139717,0.5108877721943048,0.48808379584046907,0.7420435510887772,0.18592964824120603,0.5108877721943048,0.30318257956448913,0.8140703517587939,0.6818181818181818,0.7865168539325843,0.7304347826086957,267,0.703030303030303,0.16666666666666666,0.07142857142857142,0.1,70,0.952561669829222,0.4024390243902439,0.28205128205128205,0.3316582914572864,117,0.8979166666666667,0.4024390243902439,0.308411214953271,0.3492063492063492,107,0.9,0.25263157894736843,0.6666666666666666,0.366412213740458,36,0.8734402852049911,0.0,0.13414527475833893,0.0570563345670176,0.3252233862876892,0.2788335382938385,0.2185903638601303,0.16722290217876434
fp32_ft_control,123,FP32,setA,_1=macula,supplementary,597,299,0.643856261479772,0.474036850921273,0.4086159503044938,0.3551863916848079,0.4086159503044938,0.3604608544908385,0.4694036982928847,0.474036850921273,0.46412383255666895,0.8073701842546064,0.21440536013400335,0.474036850921273,0.31155778894472363,0.7855946398659966,0.6966292134831461,0.6966292134831461,0.6966292134831461,267,0.7545454545454545,0.16129032258064516,0.07142857142857142,0.09900990099009901,70,0.9506641366223909,0.3238095238095238,0.2905982905982906,0.3063063063063063,117,0.8520833333333333,0.3333333333333333,0.3177570093457944,0.3253588516746411,107,0.8612244897959184,0.2608695652173913,0.6666666666666666,0.375,36,0.8787878787878788,0.0,0.14342646300792694,0.08916013592688782,0.33408722281455994,0.3073614835739136,0.24020889401435852,0.18263234198093414
fp32_ft_control,2026,FP32,setA,_1=macula,supplementary,597,299,0.66803648175684,0.47571189279731996,0.39916829340750376,0.3603576448468475,0.39916829340750376,0.3566351917475847,0.4757680732957865,0.47571189279731996,0.4669901985959348,0.7822445561139029,0.20268006700167504,0.47571189279731996,0.32160804020100503,0.7973199329983249,0.6996336996336996,0.7153558052434457,0.7074074074074074,267,0.7515151515151515,0.21875,0.1,0.13725490196078433,70,0.952561669829222,0.3333333333333333,0.3076923076923077,0.32,117,0.85,0.32558139534883723,0.2616822429906542,0.29015544041450775,107,0.8816326530612245,0.22448979591836735,0.6111111111111112,0.3283582089552239,36,0.8645276292335116,0.0,0.137394979596138,0.0951629097142898,0.33798855543136597,0.3081411123275757,0.23968173563480377,0.18434712290763855
fp32_ft_control,3407,FP32,setA,_1=macula,supplementary,597,299,0.6801746131935862,0.5393634840871022,0.42760807360933367,0.41010835142707813,0.42760807360933367,0.3866341264736445,0.503766353056728,0.5393634840871022,0.4982968893960861,0.7135678391959799,0.19765494137353434,0.5393634840871022,0.2629815745393635,0.8023450586264657,0.6581920903954802,0.8726591760299626,0.750402576489533,267,0.6333333333333333,0.2222222222222222,0.08571428571428572,0.12371134020618557,70,0.9601518026565465,0.4166666666666667,0.21367521367521367,0.2824858757062147,117,0.9270833333333334,0.47297297297297297,0.32710280373831774,0.3867403314917127,107,0.9204081632653062,0.2804878048780488,0.6388888888888888,0.3898305084745763,36,0.8948306595365418,0.0,0.12371597439050674,0.03657593235523258,0.30743053555488586,0.26759472489356995,0.18896366655826569,0.14957323670387268
fp32_ft_control,8888,FP32,setA,_1=macula,supplementary,597,299,0.6810624597185861,0.5025125628140703,0.42747061961805216,0.38144230075207447,0.42747061961805216,0.37205209196279954,0.49179536428421944,0.5025125628140703,0.4831209920742369,0.7520938023450586,0.19262981574539365,0.5025125628140703,0.304857621440536,0.8073701842546064,0.6902356902356902,0.7677902621722846,0.7269503546099291,267,0.7212121212121212,0.20689655172413793,0.08571428571428572,0.12121212121212122,70,0.9563567362428842,0.4,0.2905982905982906,0.33663366336633666,117,0.89375,0.3670886075949367,0.27102803738317754,0.3118279569892473,107,0.8979591836734694,0.24299065420560748,0.7222222222222222,0.36363636363636365,36,0.8556149732620321,0.0,0.13247156143188477,0.07441690278830788,0.3231889605522156,0.2787429392337799,0.21677303314208984,0.17973116040229797
ptq_int8,42,PTQ_INT8,setA,_1=macula,supplementary,597,299,0.6438615584863644,0.4623115577889447,0.4129086690317395,0.3595204969670721,0.4129086690317395,0.35716246961588316,0.47827574196527545,0.4623115577889447,0.4599144635312152,0.8324958123953099,0.21943048576214405,0.4623115577889447,0.31825795644891125,0.7805695142378559,0.7171314741035857,0.6741573033707865,0.694980694980695,267,0.7848484848484848,0.2222222222222222,0.11428571428571428,0.1509433962264151,70,0.9468690702087287,0.32989690721649484,0.27350427350427353,0.29906542056074764,117,0.8645833333333334,0.29411764705882354,0.2803738317757009,0.28708133971291866,107,0.8530612244897959,0.23423423423423423,0.7222222222222222,0.35374149659863946,36,0.8484848484848485,0.0,0.14511892199516296,0.10909872305684001,0.32143309712409973,0.2977592945098877,0.25217291712760925,0.19781121611595154
ptq_int8,123,PTQ_INT8,setA,_1=macula,supplementary,597,299,0.6252263563271121,0.49581239530988275,0.40943816891102414,0.3846365960101837,0.40943816891102414,0.3899579751192654,0.4729847967763121,0.49581239530988275,0.48071773310331695,0.7872696817420436,0.22613065326633167,0.49581239530988275,0.2780569514237856,0.7738693467336684,0.6563573883161512,0.7153558052434457,0.6845878136200717,267,0.696969696969697,0.21052631578947367,0.11428571428571428,0.14814814814814814,70,0.9430740037950665,0.26,0.2222222222222222,0.23963133640552994,117,0.8458333333333333,0.4690265486725664,0.4953271028037383,0.4818181818181818,107,0.8775510204081632,0.32727272727272727,0.5,0.3956043956043956,36,0.9340463458110517,0.0,0.1341082751750946,0.04773721118555895,0.3515615165233612,0.3210223317146301,0.2333223968744278,0.14610698819160461
ptq_int8,2026,PTQ_INT8,setA,_1=macula,supplementary,597,299,0.6645414701133956,0.5025125628140703,0.38990568813733784,0.3500830944580945,0.38990568813733784,0.35480376432739413,0.4629024138917355,0.5025125628140703,0.4737826277856512,0.7470686767169179,0.19430485762144054,0.5025125628140703,0.30318257956448913,0.8056951423785594,0.678125,0.8127340823970037,0.7393526405451448,267,0.6878787878787879,0.09090909090909091,0.04285714285714286,0.05825242718446602,70,0.9430740037950665,0.3111111111111111,0.23931623931623933,0.27053140096618356,117,0.8708333333333333,0.4,0.29906542056074764,0.3422459893048128,107,0.9020408163265307,0.2702702702702703,0.5555555555555556,0.36363636363636365,36,0.9037433155080213,0.0,0.12862776219844818,0.04345088560053052,0.32857581973075867,0.2927730977535248,0.22387516498565674,0.15736813843250275
ptq_int8,3407,PTQ_INT8,setA,_1=macula,supplementary,597,299,0.6896180515675578,0.5125628140703518,0.40298734238564127,0.3756587351029034,0.40298734238564127,0.3736269990722585,0.48852123123593433,0.5125628140703518,0.4921268699482026,0.7152428810720268,0.17922948073701842,0.5125628140703518,0.3082077051926298,0.8207705192629816,0.6957928802588996,0.8052434456928839,0.7465277777777778,267,0.7151515151515152,0.18421052631578946,0.1,0.12962962962962962,70,0.9411764705882353,0.367816091954023,0.27350427350427353,0.3137254901960784,117,0.8854166666666666,0.38372093023255816,0.308411214953271,0.34196891191709844,107,0.8918367346938776,0.24675324675324675,0.5277777777777778,0.336283185840708,36,0.8966131907308378,0.0,0.12270982563495636,0.04089767636631427,0.3055444359779358,0.28259968757629395,0.2104075700044632,0.15662269294261932
ptq_int8,8888,PTQ_INT8,setA,_1=macula,supplementary,597,299,0.6809862936995167,0.5293132328308208,0.4179600394238639,0.40219884954830915,0.4179600394238639,0.38160192804764226,0.4889226599954713,0.5293132328308208,0.48861629112856747,0.7135678391959799,0.18257956448911222,0.5293132328308208,0.288107202680067,0.8174204355108877,0.6467236467236467,0.850187265917603,0.7346278317152104,267,0.6242424242424243,0.25,0.07142857142857142,0.1111111111111111,70,0.9715370018975332,0.417910447761194,0.23931623931623933,0.30434782608695654,117,0.91875,0.39080459770114945,0.3177570093457944,0.35051546391752575,107,0.8918367346938776,0.3055555555555556,0.6111111111111112,0.4074074074074074,36,0.910873440285205,0.0,0.12596632540225983,0.03314962063976867,0.3245270550251007,0.2702978551387787,0.20120540261268616,0.14399419724941254
ft_ptq_int8,42,FT_PTQ_INT8,setA,_1=macula,supplementary,597,299,0.6698747544644487,0.5008375209380235,0.41571153932699667,0.36469720319088716,0.41571153932699667,0.3715477354233565,0.4826192985675927,0.5008375209380235,0.4842045590110241,0.7487437185929648,0.18592964824120603,0.5008375209380235,0.3132328308207705,0.8140703517587939,0.684931506849315,0.7490636704119851,0.7155635062611807,267,0.7212121212121212,0.05405405405405406,0.02857142857142857,0.037383177570093455,70,0.9335863377609108,0.3978494623655914,0.3162393162393162,0.3523809523809524,117,0.8833333333333333,0.42528735632183906,0.34579439252336447,0.38144329896907214,107,0.8979591836734694,0.26136363636363635,0.6388888888888888,0.3709677419354839,36,0.8841354723707665,0.0,0.13196919858455658,0.06048655789657503,0.32468217611312866,0.28511422872543335,0.22276562452316284,0.16713352501392365
ft_ptq_int8,123,FT_PTQ_INT8,setA,_1=macula,supplementary,597,299,0.6404142555690916,0.49246231155778897,0.4198411300858009,0.36401477569582585,0.4198411300858009,0.3760579826521212,0.4726536717196906,0.49246231155778897,0.4767953097884559,0.7805695142378559,0.20603015075376885,0.49246231155778897,0.3015075376884422,0.7939698492462312,0.6808510638297872,0.7191011235955056,0.6994535519125683,267,0.7272727272727273,0.09090909090909091,0.04285714285714286,0.05825242718446602,70,0.9430740037950665,0.34234234234234234,0.3247863247863248,0.3333333333333333,117,0.8479166666666667,0.40217391304347827,0.34579439252336447,0.37185929648241206,107,0.8877551020408163,0.3037974683544304,0.6666666666666666,0.41739130434782606,36,0.9019607843137255,0.0,0.13757629692554474,0.06631769116194154,0.33867549896240234,0.309299498796463,0.2339208722114563,0.16315312683582306
ft_ptq_int8,2026,FT_PTQ_INT8,setA,_1=macula,supplementary,597,299,0.676640634438832,0.4824120603015075,0.38897443462181464,0.3522843196573375,0.38897443462181464,0.354893556384997,0.46344578093533567,0.4824120603015075,0.4659643759107878,0.7537688442211056,0.18927973199329984,0.4824120603015075,0.32830820770519265,0.8107202680067002,0.6722972972972973,0.7453183520599251,0.7069271758436945,267,0.706060606060606,0.13513513513513514,0.07142857142857142,0.09345794392523364,70,0.9392789373814042,0.31683168316831684,0.27350427350427353,0.29357798165137616,117,0.85625,0.3902439024390244,0.29906542056074764,0.3386243386243386,107,0.8979591836734694,0.24691358024691357,0.5555555555555556,0.3418803418803419,36,0.8912655971479501,0.0,0.1307833045721054,0.058604136082832034,0.3403399586677551,0.29915645718574524,0.2232152819633484,0.16275262832641602
ft_ptq_int8,3407,FT_PTQ_INT8,setA,_1=macula,supplementary,597,299,0.6602153343846479,0.5293132328308208,0.4106148920094105,0.3994527765279098,0.4106148920094105,0.38269728102687195,0.4887775207355247,0.5293132328308208,0.49265509474274727,0.7269681742043551,0.19932998324958123,0.5293132328308208,0.271356783919598,0.8006700167504187,0.6589595375722543,0.8539325842696629,0.7438825448613376,267,0.6424242424242425,0.25,0.08571428571428572,0.1276595744680851,70,0.9658444022770398,0.3103448275862069,0.23076923076923078,0.2647058823529412,117,0.875,0.4794520547945205,0.32710280373831774,0.3888888888888889,107,0.9224489795918367,0.29850746268656714,0.5555555555555556,0.3883495145631068,36,0.9162210338680927,0.0,0.12397028505802155,0.031157707049818698,0.3169248700141907,0.28159648180007935,0.19925732910633087,0.14004971086978912
ft_ptq_int8,8888,FT_PTQ_INT8,setA,_1=macula,supplementary,597,299,0.6631836950946206,0.45896147403685095,0.38805483850742695,0.32652051235117574,0.38805483850742695,0.33203503007240687,0.4571720699437382,0.45896147403685095,0.4486623289459042,0.8123953098827471,0.20435510887772193,0.45896147403685095,0.33668341708542715,0.7956448911222781,0.7159090909090909,0.7078651685393258,0.711864406779661,267,0.7727272727272727,0.08823529411764706,0.04285714285714286,0.057692307692307696,70,0.9411764705882353,0.3037974683544304,0.20512820512820512,0.24489795918367346,117,0.8854166666666666,0.2982456140350877,0.3177570093457944,0.3076923076923077,107,0.8367346938775511,0.22641509433962265,0.6666666666666666,0.3380281690140845,36,0.8538324420677362,0.0,0.1400156170129776,0.10764881661879382,0.321919322013855,0.29402026534080505,0.24318565428256989,0.19427715241909027
qat_int8,42,QAT_INT8,setA,_1=macula,supplementary,597,299,0.6646671428925298,0.525963149078727,0.42452470254843455,0.37116737017180895,0.42452470254843455,0.3762514413494622,0.47835048367514127,0.525963149078727,0.4894311261326603,0.7353433835845896,0.19765494137353434,0.525963149078727,0.27638190954773867,0.8023450586264657,0.6626506024096386,0.8239700374531835,0.7345575959933222,267,0.6606060606060606,0.05,0.014285714285714285,0.022222222222222223,70,0.9639468690702088,0.38636363636363635,0.2905982905982906,0.33170731707317075,117,0.8875,0.4605263157894737,0.32710280373831774,0.3825136612021858,107,0.9163265306122449,0.2962962962962963,0.6666666666666666,0.41025641025641024,36,0.8983957219251337,0.0,0.12897378206253052,0.03964268808039389,0.3232745826244354,0.27342721819877625,0.20814606547355652,0.15183348953723907
qat_int8,123,QAT_INT8,setA,_1=macula,supplementary,597,299,0.6298095434947465,0.48743718592964824,0.38297011528031166,0.3427584083278702,0.38297011528031166,0.35152103777040394,0.44835614324611245,0.48743718592964824,0.46140774607116514,0.7922948073701842,0.21608040201005024,0.48743718592964824,0.2964824120603015,0.7839195979899497,0.6476190476190476,0.7640449438202247,0.7010309278350515,267,0.6636363636363637,0.06666666666666667,0.02857142857142857,0.04,70,0.9468690702087287,0.2978723404255319,0.23931623931623933,0.26540284360189575,117,0.8625,0.4222222222222222,0.35514018691588783,0.38578680203045684,107,0.8938775510204081,0.27941176470588236,0.5277777777777778,0.36538461538461536,36,0.9126559714795008,0.0,0.13855233788490295,0.047276478418315976,0.3442923426628113,0.3009490668773651,0.22413381934165955,0.15146686136722565
qat_int8,2026,QAT_INT8,setA,_1=macula,supplementary,597,299,0.6188033496398366,0.423785594639866,0.3873488682435443,0.3378723191176304,0.3873488682435443,0.33626487303188457,0.4651120870935875,0.423785594639866,0.43330864008770364,0.8911222780569514,0.23953098827470687,0.423785594639866,0.33668341708542715,0.7604690117252931,0.7235023041474654,0.5880149812734082,0.6487603305785123,267,0.8181818181818182,0.18604651162790697,0.11428571428571428,0.1415929203539823,70,0.9335863377609108,0.3247863247863248,0.3247863247863248,0.3247863247863248,117,0.8354166666666667,0.24074074074074073,0.24299065420560748,0.24186046511627907,107,0.8326530612244898,0.21428571428571427,0.6666666666666666,0.32432432432432434,36,0.8431372549019608,0.0,0.15325582027435303,0.1422949789904707,0.3402388393878937,0.3279370963573456,0.27087804675102234,0.2101435512304306
qat_int8,3407,QAT_INT8,setA,_1=macula,supplementary,597,299,0.6463069800546067,0.525963149078727,0.40012656203982466,0.3905978307617652,0.40012656203982466,0.36306276824505296,0.48210130160867454,0.525963149078727,0.47946988186729333,0.7554438860971524,0.21105527638190955,0.525963149078727,0.2629815745393635,0.7889447236180904,0.6428571428571429,0.8764044943820225,0.7416798732171157,267,0.6060606060606061,0.25,0.07142857142857142,0.1111111111111111,70,0.9715370018975332,0.3442622950819672,0.1794871794871795,0.23595505617977527,117,0.9166666666666666,0.4594594594594595,0.3177570093457944,0.3756906077348066,107,0.9183673469387755,0.2564102564102564,0.5555555555555556,0.3508771929824561,36,0.8966131907308378,0.0,0.12800630927085876,0.039745500033574695,0.3211960792541504,0.2826296389102936,0.1935466229915619,0.14523477852344513
qat_int8,8888,QAT_INT8,setA,_1=macula,supplementary,597,299,0.6717808275486453,0.490787269681742,0.3979958655460073,0.3478924988055423,0.3979958655460073,0.3437480549845021,0.46243388430082766,0.490787269681742,0.46310798522061514,0.7671691792294807,0.19430485762144054,0.490787269681742,0.3149078726968174,0.8056951423785594,0.6883116883116883,0.7940074906367042,0.7373913043478261,267,0.7090909090909091,0.17391304347826086,0.05714285714285714,0.08602150537634409,70,0.9639468690702088,0.32954545454545453,0.24786324786324787,0.28292682926829266,117,0.8770833333333333,0.3076923076923077,0.22429906542056074,0.2594594594594595,107,0.889795918367347,0.24,0.6666666666666666,0.35294117647058826,36,0.8645276292335116,0.0,0.13309013843536377,0.0611612061303814,0.325775146484375,0.28277814388275146,0.21651139855384827,0.1705281138420105
teacher,-,FP32,setA,_1=disc,supplementary,597,299,0.7515689408483968,0.5745393634840871,0.43150496894800155,0.4065455481979168,0.43150496894800155,0.39061940172621024,0.5076109698845721,0.5745393634840871,0.5135213631932558,0.6063651591289783,0.1541038525963149,0.5745393634840871,0.271356783919598,0.8458961474036851,0.6631853785900783,0.951310861423221,0.7815384615384615,267,0.6090909090909091,0.06666666666666667,0.014285714285714285,0.023529411764705882,70,0.9734345351043643,0.4489795918367347,0.18803418803418803,0.26506024096385544,117,0.94375,0.5357142857142857,0.4205607476635514,0.4712041884816754,107,0.9204081632653062,0.3181818181818182,0.5833333333333334,0.4117647058823529,36,0.9197860962566845,0.0,0.10619597136974335,0.04775884487608469,0.271099716424942,0.20081183314323425,0.14827729761600494,0.1280708611011505
best_fp32,42,FP32,setA,_1=disc,supplementary,597,299,0.6507633942569748,0.4539363484087102,0.4059141270597745,0.34441283973098746,0.4059141270597745,0.3438837936577114,0.4701328942425477,0.4539363484087102,0.4511351187047998,0.830820770519263,0.20770519262981574,0.4539363484087102,0.33835845896147404,0.7922948073701842,0.7103174603174603,0.6704119850187266,0.6897880539499036,267,0.7787878787878788,0.13953488372093023,0.08571428571428572,0.10619469026548672,70,0.9297912713472486,0.3763440860215054,0.29914529914529914,0.3333333333333333,117,0.8791666666666667,0.2727272727272727,0.22429906542056074,0.24615384615384617,107,0.8693877551020408,0.2231404958677686,0.75,0.34394904458598724,36,0.8324420677361853,0.0,0.14482219517230988,0.11051398918182408,0.3189365863800049,0.2901897728443146,0.2487545609474182,0.20172008872032166
best_fp32,123,FP32,setA,_1=disc,supplementary,597,299,0.6481625192093615,0.5008375209380235,0.4084361363023549,0.3799992384873497,0.4084361363023549,0.38321806968045513,0.4737684206890096,0.5008375209380235,0.4815405905225818,0.7604690117252931,0.20603015075376885,0.5008375209380235,0.2931323283082077,0.7939698492462312,0.6556291390728477,0.7415730337078652,0.6959578207381371,267,0.6848484848484848,0.1875,0.08571428571428572,0.11764705882352941,70,0.9506641366223909,0.29896907216494845,0.24786324786324787,0.27102803738317754,117,0.8583333333333333,0.4563106796116505,0.4392523364485981,0.44761904761904764,107,0.8857142857142857,0.30158730158730157,0.5277777777777778,0.3838383838383838,36,0.9215686274509803,0.0,0.13293388485908508,0.05210696523026306,0.340843141078949,0.3026522397994995,0.22537271678447723,0.15528421103954315
best_fp32,2026,FP32,setA,_1=disc,supplementary,597,299,0.6533775039912654,0.474036850921273,0.38587954335092844,0.33806384028511494,0.38587954335092844,0.34147782058270015,0.4537337241402079,0.474036850921273,0.4552134017622749,0.7989949748743719,0.21105527638190955,0.474036850921273,0.3149078726968174,0.7889447236180904,0.6813559322033899,0.7528089887640449,0.7153024911032029,267,0.7151515151515152,0.13513513513513514,0.07142857142857142,0.09345794392523364,70,0.9392789373814042,0.2976190476190476,0.21367521367521367,0.24875621890547264,117,0.8770833333333333,0.33707865168539325,0.2803738317757009,0.30612244897959184,107,0.8795918367346939,0.2391304347826087,0.6111111111111112,0.34375,36,0.875222816399287,0.0,0.13746172189712524,0.07243660961666223,0.3311973512172699,0.29619890451431274,0.2375924289226532,0.17795149981975555
best_fp32,3407,FP32,setA,_1=disc,supplementary,597,299,0.6969547061459989,0.5175879396984925,0.4087220811204849,0.3696712457146848,0.4087220811204849,0.35955240348215983,0.48469736051871065,0.5175879396984925,0.48467083182026993,0.7202680067001676,0.18592964824120603,0.5175879396984925,0.2964824120603015,0.8140703517587939,0.6984615384615385,0.850187265917603,0.7668918918918919,267,0.703030303030303,0.18518518518518517,0.07142857142857142,0.10309278350515463,70,0.9582542694497154,0.3698630136986301,0.23076923076923078,0.28421052631578947,117,0.9041666666666667,0.35526315789473684,0.2523364485981308,0.29508196721311475,107,0.9,0.23958333333333334,0.6388888888888888,0.3484848484848485,36,0.8698752228163993,0.0,0.12205031514167786,0.042666497095870205,0.2918408215045929,0.2610365152359009,0.19917885959148407,0.16573724150657654
best_fp32,8888,FP32,setA,_1=disc,supplementary,597,299,0.6597860816773005,0.5293132328308208,0.40459392125253724,0.3772819596742398,0.40459392125253724,0.35923633912104214,0.4755045993226098,0.5293132328308208,0.4765611069531962,0.7386934673366834,0.19932998324958123,0.5293132328308208,0.271356783919598,0.8006700167504187,0.6353887399463807,0.8876404494382022,0.740625,267,0.5878787878787879,0.10526315789473684,0.02857142857142857,0.0449438202247191,70,0.967741935483871,0.40350877192982454,0.19658119658119658,0.26436781609195403,117,0.9291666666666667,0.463768115942029,0.29906542056074764,0.36363636363636365,107,0.9244897959183673,0.27848101265822783,0.6111111111111112,0.3826086956521739,36,0.8983957219251337,0.0,0.13039347529411316,0.04607603737656994,0.3274415135383606,0.2671501934528351,0.18960872292518616,0.14483825862407684
csd_fp32,42,FP32,setA,_1=disc,supplementary,597,299,0.6507633942569748,0.4539363484087102,0.4059141270597745,0.34441283973098746,0.4059141270597745,0.3438837936577114,0.4701328942425477,0.4539363484087102,0.4511351187047998,0.830820770519263,0.20770519262981574,0.4539363484087102,0.33835845896147404,0.7922948073701842,0.7103174603174603,0.6704119850187266,0.6897880539499036,267,0.7787878787878788,0.13953488372093023,0.08571428571428572,0.10619469026548672,70,0.9297912713472486,0.3763440860215054,0.29914529914529914,0.3333333333333333,117,0.8791666666666667,0.2727272727272727,0.22429906542056074,0.24615384615384617,107,0.8693877551020408,0.2231404958677686,0.75,0.34394904458598724,36,0.8324420677361853,0.0,0.14482219517230988,0.11051398918182408,0.3189365863800049,0.2901897728443146,0.2487545609474182,0.20172008872032166
csd_fp32,123,FP32,setA,_1=disc,supplementary,597,299,0.6481625192093615,0.5008375209380235,0.4084361363023549,0.3799992384873497,0.4084361363023549,0.38321806968045513,0.4737684206890096,0.5008375209380235,0.4815405905225818,0.7604690117252931,0.20603015075376885,0.5008375209380235,0.2931323283082077,0.7939698492462312,0.6556291390728477,0.7415730337078652,0.6959578207381371,267,0.6848484848484848,0.1875,0.08571428571428572,0.11764705882352941,70,0.9506641366223909,0.29896907216494845,0.24786324786324787,0.27102803738317754,117,0.8583333333333333,0.4563106796116505,0.4392523364485981,0.44761904761904764,107,0.8857142857142857,0.30158730158730157,0.5277777777777778,0.3838383838383838,36,0.9215686274509803,0.0,0.13293388485908508,0.05210696523026306,0.340843141078949,0.3026522397994995,0.22537271678447723,0.15528421103954315
csd_fp32,2026,FP32,setA,_1=disc,supplementary,597,299,0.6533775039912654,0.474036850921273,0.38587954335092844,0.33806384028511494,0.38587954335092844,0.34147782058270015,0.4537337241402079,0.474036850921273,0.4552134017622749,0.7989949748743719,0.21105527638190955,0.474036850921273,0.3149078726968174,0.7889447236180904,0.6813559322033899,0.7528089887640449,0.7153024911032029,267,0.7151515151515152,0.13513513513513514,0.07142857142857142,0.09345794392523364,70,0.9392789373814042,0.2976190476190476,0.21367521367521367,0.24875621890547264,117,0.8770833333333333,0.33707865168539325,0.2803738317757009,0.30612244897959184,107,0.8795918367346939,0.2391304347826087,0.6111111111111112,0.34375,36,0.875222816399287,0.0,0.13746172189712524,0.07243660961666223,0.3311973512172699,0.29619890451431274,0.2375924289226532,0.17795149981975555
csd_fp32,3407,FP32,setA,_1=disc,supplementary,597,299,0.6969547061459989,0.5175879396984925,0.4087220811204849,0.3696712457146848,0.4087220811204849,0.35955240348215983,0.48469736051871065,0.5175879396984925,0.48467083182026993,0.7202680067001676,0.18592964824120603,0.5175879396984925,0.2964824120603015,0.8140703517587939,0.6984615384615385,0.850187265917603,0.7668918918918919,267,0.703030303030303,0.18518518518518517,0.07142857142857142,0.10309278350515463,70,0.9582542694497154,0.3698630136986301,0.23076923076923078,0.28421052631578947,117,0.9041666666666667,0.35526315789473684,0.2523364485981308,0.29508196721311475,107,0.9,0.23958333333333334,0.6388888888888888,0.3484848484848485,36,0.8698752228163993,0.0,0.12205031514167786,0.042666497095870205,0.2918408215045929,0.2610365152359009,0.19917885959148407,0.16573724150657654
csd_fp32,8888,FP32,setA,_1=disc,supplementary,597,299,0.6597860816773005,0.5293132328308208,0.40459392125253724,0.3772819596742398,0.40459392125253724,0.35923633912104214,0.4755045993226098,0.5293132328308208,0.4765611069531962,0.7386934673366834,0.19932998324958123,0.5293132328308208,0.271356783919598,0.8006700167504187,0.6353887399463807,0.8876404494382022,0.740625,267,0.5878787878787879,0.10526315789473684,0.02857142857142857,0.0449438202247191,70,0.967741935483871,0.40350877192982454,0.19658119658119658,0.26436781609195403,117,0.9291666666666667,0.463768115942029,0.29906542056074764,0.36363636363636365,107,0.9244897959183673,0.27848101265822783,0.6111111111111112,0.3826086956521739,36,0.8983957219251337,0.0,0.13039347529411316,0.04607603737656994,0.3274415135383606,0.2671501934528351,0.18960872292518616,0.14483825862407684
fp32_ft_control,42,FP32,setA,_1=disc,supplementary,597,299,0.6696762182499901,0.507537688442211,0.41476197656287966,0.37197206402522276,0.41476197656287966,0.3688385754741902,0.48405824002470016,0.507537688442211,0.4839257227807456,0.7504187604690117,0.19262981574539365,0.507537688442211,0.2998324958123953,0.8073701842546064,0.6796116504854369,0.7865168539325843,0.7291666666666666,267,0.7,0.13793103448275862,0.05714285714285714,0.08080808080808081,70,0.952561669829222,0.3902439024390244,0.27350427350427353,0.32160804020100503,117,0.8958333333333334,0.40476190476190477,0.3177570093457944,0.35602094240837695,107,0.8979591836734694,0.24731182795698925,0.6388888888888888,0.35658914728682173,36,0.875222816399287,0.0,0.1338493376970291,0.0570339721079972,0.32327064871788025,0.2771283984184265,0.2186872810125351,0.16928188502788544
fp32_ft_control,123,FP32,setA,_1=disc,supplementary,597,299,0.639903955828961,0.4723618090452261,0.40452765023488535,0.35856467838110034,0.40452765023488535,0.3581976876034997,0.4719779408655307,0.4723618090452261,0.46362099736235696,0.8207705192629816,0.22445561139028475,0.4723618090452261,0.30318257956448913,0.7755443886097152,0.6914498141263941,0.6966292134831461,0.6940298507462687,267,0.7484848484848485,0.1935483870967742,0.08571428571428572,0.1188118811881188,70,0.952561669829222,0.31313131313131315,0.26495726495726496,0.28703703703703703,117,0.8583333333333333,0.36,0.3364485981308411,0.34782608695652173,107,0.8693877551020408,0.23469387755102042,0.6388888888888888,0.34328358208955223,36,0.8663101604278075,0.0,0.14434979856014252,0.08924833183774299,0.33382296562194824,0.3056373596191406,0.24018673598766327,0.18524986505508423
fp32_ft_control,2026,FP32,setA,_1=disc,supplementary,597,299,0.6666251100600753,0.48408710217755446,0.4050150942317277,0.37121701959346953,0.4050150942317277,0.3667448250615123,0.48768567589560546,0.48408710217755446,0.4778665828491886,0.7805695142378559,0.20770519262981574,0.48408710217755446,0.3082077051926298,0.7922948073701842,0.7058823529411765,0.7191011235955056,0.712430426716141,267,0.7575757575757576,0.22857142857142856,0.11428571428571428,0.1523809523809524,70,0.9487666034155597,0.3434343434343434,0.2905982905982906,0.3148148148148148,117,0.8645833333333334,0.3617021276595745,0.3177570093457944,0.3383084577114428,107,0.8775510204081632,0.21649484536082475,0.5833333333333334,0.3157894736842105,36,0.8645276292335116,0.0,0.13763965666294098,0.09680984982085013,0.334712415933609,0.30494213104248047,0.24088388681411743,0.18787884712219238
fp32_ft_control,3407,FP32,setA,_1=disc,supplementary,597,299,0.6813860790950684,0.52428810720268,0.4050727888793624,0.36528831911592213,0.4050727888793624,0.3536864753390448,0.469903282743187,0.52428810720268,0.4738024168959374,0.7286432160804021,0.19765494137353434,0.52428810720268,0.2780569514237856,0.8023450586264657,0.6509695290858726,0.8801498127340824,0.7484076433121019,267,0.6181818181818182,0.1,0.02857142857142857,0.044444444444444446,70,0.9658444022770398,0.38596491228070173,0.18803418803418803,0.25287356321839083,117,0.9270833333333334,0.4189189189189189,0.2897196261682243,0.3425414364640884,107,0.9122448979591836,0.27058823529411763,0.6388888888888888,0.38016528925619836,36,0.8894830659536542,0.0,0.12423796951770782,0.04117885239927763,0.30595505237579346,0.2637413740158081,0.18635325133800507,0.15158133208751678
fp32_ft_control,8888,FP32,setA,_1=disc,supplementary,597,299,0.6809148385131018,0.5058626465661642,0.41372104449391023,0.37753545710220937,0.41372104449391023,0.36605671691547637,0.49259465730382035,0.5058626465661642,0.48531969704903527,0.7504187604690117,0.19597989949748743,0.5058626465661642,0.2981574539363484,0.8040201005025126,0.6907894736842105,0.7865168539325843,0.7355516637478109,267,0.7151515151515152,0.18518518518518517,0.07142857142857142,0.10309278350515463,70,0.9582542694497154,0.4125,0.28205128205128205,0.3350253807106599,117,0.9020833333333333,0.3780487804878049,0.2897196261682243,0.328042328042328,107,0.8959183673469387,0.22115384615384615,0.6388888888888888,0.32857142857142857,36,0.8556149732620321,0.0,0.1323159784078598,0.07136062170664344,0.3212844729423523,0.27488672733306885,0.21445013582706451,0.18120308220386505
ptq_int8,42,PTQ_INT8,setA,_1=disc,supplementary,597,299,0.6409886791981046,0.4489112227805695,0.3924527905384778,0.33722510283949986,0.3924527905384778,0.3368833403113844,0.4627619923571215,0.4489112227805695,0.44599521676626175,0.8442211055276382,0.21440536013400335,0.4489112227805695,0.33668341708542715,0.7855946398659966,0.7171314741035857,0.6741573033707865,0.694980694980695,267,0.7848484848484848,0.17142857142857143,0.08571428571428572,0.11428571428571428,70,0.9449715370018975,0.3163265306122449,0.26495726495726496,0.28837209302325584,117,0.8604166666666667,0.26,0.24299065420560748,0.25120772946859904,107,0.8489795918367347,0.22123893805309736,0.6944444444444444,0.33557046979865773,36,0.8431372549019608,0.0,0.14573948085308075,0.11050586385412182,0.31967848539352417,0.29585376381874084,0.2533092796802521,0.20101282000541687
ptq_int8,123,PTQ_INT8,setA,_1=disc,supplementary,597,299,0.6245925013177027,0.49748743718592964,0.40732906271392044,0.38840083697852695,0.40732906271392044,0.38940583015384644,0.47724526896025676,0.49748743718592964,0.48290598993974887,0.7872696817420436,0.22780569514237856,0.49748743718592964,0.2747068676716918,0.7721943048576214,0.6552901023890785,0.7191011235955056,0.6857142857142857,267,0.693939393939394,0.25,0.12857142857142856,0.16981132075471697,70,0.9487666034155597,0.27,0.23076923076923078,0.2488479262672811,117,0.8479166666666667,0.46846846846846846,0.48598130841121495,0.47706422018348627,107,0.8795918367346939,0.2982456140350877,0.4722222222222222,0.3655913978494624,36,0.928698752228164,0.0,0.13541455566883087,0.05132014094578911,0.35123956203460693,0.31937175989151,0.23272430896759033,0.14908263087272644
ptq_int8,2026,PTQ_INT8,setA,_1=disc,supplementary,597,299,0.6678583985440575,0.5125628140703518,0.404056947404632,0.37233516649511583,0.404056947404632,0.36999757825606794,0.4798429352198424,0.5125628140703518,0.48573325343135726,0.7403685092127303,0.19430485762144054,0.5125628140703518,0.2931323283082077,0.8056951423785594,0.677115987460815,0.8089887640449438,0.7372013651877133,267,0.6878787878787879,0.16666666666666666,0.07142857142857142,0.1,70,0.952561669829222,0.35365853658536583,0.24786324786324787,0.2914572864321608,117,0.8895833333333333,0.4044943820224719,0.3364485981308411,0.3673469387755102,107,0.8918367346938776,0.2597402597402597,0.5555555555555556,0.35398230088495575,36,0.8983957219251337,0.0,0.1303168386220932,0.04584854116766297,0.3279048204421997,0.2923637628555298,0.22564497590065002,0.1602974832057953
ptq_int8,3407,PTQ_INT8,setA,_1=disc,supplementary,597,299,0.6790384899930302,0.509212730318258,0.3962622284432638,0.35626566697136064,0.3962622284432638,0.35798225188896293,0.4709889577954844,0.509212730318258,0.4799467930154829,0.7353433835845896,0.19262981574539365,0.509212730318258,0.2981574539363484,0.8073701842546064,0.6833855799373041,0.8164794007490637,0.7440273037542662,267,0.693939393939394,0.11538461538461539,0.04285714285714286,0.0625,70,0.9563567362428842,0.32558139534883723,0.23931623931623933,0.27586206896551724,117,0.8791666666666667,0.4069767441860465,0.32710280373831774,0.3626943005181347,107,0.8959183673469387,0.25,0.5555555555555556,0.3448275862068966,36,0.893048128342246,0.0,0.12305645644664764,0.042456449241138734,0.3042525351047516,0.27826008200645447,0.20924215018749237,0.15839193761348724
ptq_int8,8888,PTQ_INT8,setA,_1=disc,supplementary,597,299,0.6774338757309852,0.5276381909547738,0.4093360666425877,0.38780019082843936,0.4093360666425877,0.3730501929236045,0.4844103728459594,0.5276381909547738,0.4863654831545553,0.7185929648241206,0.18592964824120603,0.5276381909547738,0.2864321608040201,0.8140703517587939,0.6468926553672316,0.8576779026217228,0.7375201288244766,267,0.6212121212121212,0.16,0.05714285714285714,0.08421052631578947,70,0.9601518026565465,0.42857142857142855,0.23076923076923078,0.3,117,0.925,0.41975308641975306,0.3177570093457944,0.3617021276595745,107,0.9040816326530612,0.28378378378378377,0.5833333333333334,0.38181818181818183,36,0.9055258467023173,0.0,0.12742340564727783,0.0346351763798264,0.3256998360157013,0.2697332799434662,0.2002735137939453,0.1445804238319397
ft_ptq_int8,42,FT_PTQ_INT8,setA,_1=disc,supplementary,597,299,0.6712878839456216,0.49413735343383586,0.4080961958689565,0.3643815541584022,0.4080961958689565,0.3674836038316222,0.48196706695879743,0.49413735343383586,0.4801395625196026,0.7520938023450586,0.18257956448911222,0.49413735343383586,0.3232830820770519,0.8174204355108877,0.6804123711340206,0.7415730337078652,0.7096774193548387,267,0.7181818181818181,0.07142857142857142,0.04285714285714286,0.05357142857142857,70,0.9259962049335864,0.4117647058823529,0.29914529914529914,0.3465346534653465,117,0.8958333333333334,0.4111111111111111,0.34579439252336447,0.3756345177664975,107,0.8918367346938776,0.24719101123595505,0.6111111111111112,0.352,36,0.8805704099821747,0.0,0.1319768726825714,0.0636464051911654,0.32277554273605347,0.2827487885951996,0.2222878634929657,0.16965453326702118
ft_ptq_int8,123,FT_PTQ_INT8,setA,_1=disc,supplementary,597,299,0.6319577430460972,0.49246231155778897,0.42255531207332114,0.38497227997228,0.42255531207332114,0.3897719118281947,0.48217821609781414,0.49246231155778897,0.48190236270387454,0.7889447236180904,0.21105527638190955,0.49246231155778897,0.2964824120603015,0.7889447236180904,0.675,0.7078651685393258,0.6910420475319927,267,0.7242424242424242,0.225,0.12857142857142856,0.16363636363636364,70,0.9411764705882353,0.3333333333333333,0.28205128205128205,0.3055555555555556,117,0.8625,0.3942307692307692,0.38317757009345793,0.3886255924170616,107,0.8714285714285714,0.2972972972972973,0.6111111111111112,0.4,36,0.9073083778966132,0.0,0.1386064738035202,0.06462838840195083,0.33832406997680664,0.30769428610801697,0.23366999626159668,0.16543112695217133
ft_ptq_int8,2026,FT_PTQ_INT8,setA,_1=disc,supplementary,597,299,0.6727112048748181,0.48743718592964824,0.39199936225348386,0.3507833714600632,0.39199936225348386,0.35282369797622515,0.45895985623759833,0.48743718592964824,0.46450018020002914,0.7587939698492462,0.19597989949748743,0.48743718592964824,0.3165829145728643,0.8040201005025126,0.6710526315789473,0.7640449438202247,0.7145359019264448,267,0.696969696969697,0.15384615384615385,0.05714285714285714,0.08333333333333333,70,0.9582542694497154,0.30612244897959184,0.2564102564102564,0.27906976744186046,117,0.8583333333333333,0.36363636363636365,0.29906542056074764,0.3282051282051282,107,0.8857142857142857,0.25925925925925924,0.5833333333333334,0.358974358974359,36,0.893048128342246,0.0,0.13167397677898407,0.06005164728167667,0.33853551745414734,0.2973024845123291,0.22450539469718933,0.16560044884681702
ft_ptq_int8,3407,FT_PTQ_INT8,setA,_1=disc,supplementary,597,299,0.6670398450923174,0.52428810720268,0.4025569775995062,0.37876326889484785,0.4025569775995062,0.36528848901278693,0.47890647498886063,0.52428810720268,0.48273778726815003,0.7303182579564489,0.19932998324958123,0.52428810720268,0.27638190954773867,0.8006700167504187,0.6590909090909091,0.8689138576779026,0.7495961227786753,267,0.6363636363636364,0.15384615384615385,0.05714285714285714,0.08333333333333333,70,0.9582542694497154,0.3125,0.21367521367521367,0.25380710659898476,117,0.8854166666666666,0.49206349206349204,0.2897196261682243,0.36470588235294116,107,0.9346938775510204,0.27631578947368424,0.5833333333333334,0.375,36,0.9019607843137255,0.0,0.12372414022684097,0.034921847286960184,0.31464317440986633,0.27707961201667786,0.19628509879112244,0.14182820916175842
ft_ptq_int8,8888,FT_PTQ_INT8,setA,_1=disc,supplementary,597,299,0.6693750199465713,0.46901172529313234,0.40186553421143356,0.34328710353369424,0.40186553421143356,0.3456204417228098,0.47204463393244017,0.46901172529313234,0.46079782512721207,0.7989949748743719,0.20603015075376885,0.46901172529313234,0.3249581239530988,0.7939698492462312,0.7169811320754716,0.7116104868913857,0.7142857142857143,267,0.7727272727272727,0.10810810810810811,0.05714285714285714,0.07476635514018691,70,0.937381404174573,0.35714285714285715,0.2564102564102564,0.29850746268656714,117,0.8875,0.3069306930693069,0.2897196261682243,0.2980769230769231,107,0.8571428571428571,0.22727272727272727,0.6944444444444444,0.3424657534246575,36,0.8484848484848485,0.0,0.13909319043159485,0.10419302156828404,0.31980204582214355,0.2899879813194275,0.2405957579612732,0.19483058154582977
qat_int8,42,QAT_INT8,setA,_1=disc,supplementary,597,299,0.6619266343673316,0.5192629815745393,0.4130632052442406,0.37261948319981564,0.4130632052442406,0.371635150939505,0.4816684137016424,0.5192629815745393,0.4877243486622181,0.7437185929648241,0.19765494137353434,0.5192629815745393,0.2830820770519263,0.8023450586264657,0.662613981762918,0.8164794007490637,0.7315436241610739,267,0.6636363636363637,0.07407407407407407,0.02857142857142857,0.041237113402061855,70,0.952561669829222,0.39759036144578314,0.28205128205128205,0.33,117,0.8958333333333334,0.4605263157894737,0.32710280373831774,0.3825136612021858,107,0.9163265306122449,0.2682926829268293,0.6111111111111112,0.3728813559322034,36,0.893048128342246,0.0,0.12826941907405853,0.03743458766384141,0.32061633467674255,0.2707584798336029,0.20769666135311127,0.15386347472667694
qat_int8,123,QAT_INT8,setA,_1=disc,supplementary,597,299,0.6286411747244923,0.48743718592964824,0.3824890487486308,0.3425764826582829,0.3824890487486308,0.35182672318172886,0.44763129831963394,0.48743718592964824,0.46086091518386907,0.7922948073701842,0.21440536013400335,0.48743718592964824,0.2981574539363484,0.7855946398659966,0.6466876971608833,0.7677902621722846,0.702054794520548,267,0.6606060606060606,0.05405405405405406,0.02857142857142857,0.037383177570093455,70,0.9335863377609108,0.2926829268292683,0.20512820512820512,0.24120603015075376,117,0.8791666666666667,0.43157894736842106,0.38317757009345793,0.40594059405940597,107,0.889795918367347,0.2878787878787879,0.5277777777777778,0.37254901960784315,36,0.9162210338680927,0.0,0.139866441488266,0.054746942106366055,0.34417015314102173,0.29973915219306946,0.22424140572547913,0.15396125614643097
qat_int8,2026,QAT_INT8,setA,_1=disc,supplementary,597,299,0.6198385728011245,0.41708542713567837,0.39036213847407797,0.3409472557436343,0.39036213847407797,0.3366714198534966,0.46545095163341743,0.41708542713567837,0.4289246998955086,0.9011725293132329,0.24288107202680068,0.41708542713567837,0.34003350083752093,0.7571189279731994,0.7230046948356808,0.5767790262172284,0.6416666666666667,267,0.8212121212121212,0.22916666666666666,0.15714285714285714,0.1864406779661017,70,0.9297912713472486,0.3181818181818182,0.29914529914529914,0.30837004405286345,117,0.84375,0.22429906542056074,0.22429906542056074,0.22429906542056074,107,0.8306122448979592,0.21008403361344538,0.6944444444444444,0.3225806451612903,36,0.8324420677361853,0.0,0.15423159301280975,0.14438806389149597,0.33861732482910156,0.32588911056518555,0.27192023396492004,0.21389982104301453
qat_int8,3407,QAT_INT8,setA,_1=disc,supplementary,597,299,0.6454809754483515,0.5326633165829145,0.40501405183543165,0.38859209859209864,0.40501405183543165,0.3672469368418825,0.4766060291185919,0.5326633165829145,0.4804916184035678,0.7520938023450586,0.21775544388609716,0.5326633165829145,0.24958123953098826,0.7822445561139029,0.6378378378378379,0.8838951310861424,0.7409733124018838,267,0.593939393939394,0.2222222222222222,0.05714285714285714,0.09090909090909091,70,0.9734345351043643,0.3090909090909091,0.1452991452991453,0.19767441860465115,117,0.9208333333333333,0.4880952380952381,0.38317757009345793,0.4293193717277487,107,0.9122448979591836,0.2857142857142857,0.5555555555555556,0.37735849056603776,36,0.910873440285205,0.0,0.12956134974956512,0.04330298527014415,0.3213087320327759,0.2792377471923828,0.19153165817260742,0.14682534337043762
qat_int8,8888,QAT_INT8,setA,_1=disc,supplementary,597,299,0.6734028595177224,0.490787269681742,0.3963394119269369,0.33923504624033585,0.3963394119269369,0.3407333936676029,0.45864481792522693,0.490787269681742,0.4618840492399267,0.7688442211055276,0.20268006700167504,0.490787269681742,0.3065326633165829,0.7973199329983249,0.6794871794871795,0.7940074906367042,0.7322970639032815,267,0.696969696969697,0.07407407407407407,0.02857142857142857,0.041237113402061855,70,0.952561669829222,0.32142857142857145,0.23076923076923078,0.26865671641791045,117,0.88125,0.3835616438356164,0.2616822429906542,0.3111111111111111,107,0.9081632653061225,0.2376237623762376,0.6666666666666666,0.35036496350364965,36,0.8627450980392157,0.0,0.13343460857868195,0.05840921284821215,0.32515838742256165,0.2804637551307678,0.2148532271385193,0.17069245874881744
